poste,competences_requises,competences_candidat,experience_requise,experience_candidat,diplome_requis,diplome_candidat,langues_requises,langues_candidat,score_compatibilite,taux_competences,taux_experience,taux_diplome,taux_langues,poids_competences,poids_experience,poids_diplome,poids_langues
Developpeur Mobile,Kotlin; Firebase; Dart,Git; Flutter; Java; Kotlin; Asana; Laravel,2,4,Bac,Bac,Français (intermédiaire),Français (avancé),56.0,0.3333333333333333,1.0,1.0,1.0,0.66,0.07,0.1,0.17
Graphiste,Branding; InDesign; Photoshop; Canva; Illustrator; Typographie,Aucune information,3,2,Bac,Licence,Français (avancé),Français (courant),42.6,0.0,0.6666666666666666,1.2,1.0,0.49,0.33,0.13,0.05
Developpeur Web,JavaScript; PHP; Git; HTML/CSS; Laravel; MySQL,Laravel; MySQL; PHP; Git; JavaScript,2,3,Master,Master,Français (avancé),Français (courant),95.0,0.8333333333333334,1.0,1.0,1.0,0.3,0.52,0.12,0.06
Social Media Manager,Analytics; TikTok; Facebook; Meta Ads,LinkedIn; TikTok; Instagram,2,6,Master,Bac,Français (courant),Français (courant); Anglais (intermédiaire),34.67,0.25,1.0,0.3333333333333333,1.0,0.8,0.07,0.08,0.05
Social Media Manager,TikTok; Facebook; Instagram; Analytics; LinkedIn; Meta Ads,Instagram,4,4,Licence,Licence,Français (avancé); Anglais (avancé),Français (avancé),31.67,0.16666666666666666,1.0,1.0,0.5,0.7,0.05,0.05,0.2
Content Manager,Copywriting; SEO; Content Strategy; Analytics; Canva; WordPress,Analytics; Canva; WordPress; SEO; Copywriting; Content Strategy,1,4,Bac,Bac,Français (avancé),Français (avancé),100.0,1.0,1.0,1.0,1.0,0.65,0.15,0.11,0.09
Data Analyst,Data Visualization; Excel; Python; SQL; Pandas,SQL; Pandas; Python; Excel,2,3,Licence,Bac,Anglais (courant),Français (courant); Anglais (débutant),58.7,0.8,1.0,0.5,0.25,0.09,0.24,0.43,0.24
Data Analyst,Pandas; Excel; Power BI,HTML/CSS; Gestion de projet,1,7,Bac,Bac,Anglais (intermédiaire); Français (courant),Français (avancé),45.0,0.0,1.0,1.0,0.375,0.5,0.37,0.05,0.08
UI/UX Designer,UX Research; Illustrator; Adobe XD; Prototypage,UX Research; Photoshop; Illustrator,4,3,Bac,Bac,Anglais (avancé),Français (avancé); Anglais (avancé),61.0,0.5,0.75,1.0,1.0,0.75,0.06,0.07,0.12
Developpeur Web,JavaScript; Laravel; PHP; Git,MySQL; PHP; Laravel; Git; HTML/CSS; JavaScript,1,5,Bac,Master,Français (courant),Français (courant); Anglais (intermédiaire),103.4,1.0,1.0,1.2,1.0,0.55,0.23,0.17,0.05
Chef de projet digital,Scrum; Agile; Gestion de projet; Asana; Communication; ClickUp,Aucune information,4,5,Licence,Bac,Français (avancé); Anglais (débutant),Français (avancé); Anglais (débutant),77.0,0.0,1.0,0.5,1.0,0.09,0.44,0.28,0.19
Chef de projet digital,ClickUp; Scrum; Asana; Gestion de projet,Gestion de projet; Agile; Communication; ClickUp; Asana,2,7,Bac,Bac,Français (intermédiaire); Anglais (avancé),Français (intermédiaire),75.25,0.75,1.0,1.0,0.5,0.63,0.13,0.06,0.18
SEO/SEA,SEM; Google Analytics; Search Console,Google Ads; SEO,3,4,Licence,Bac,Français (avancé); Anglais (avancé),Français (courant),12.5,0.0,1.0,0.5,0.5,0.82,0.07,0.05,0.06
Content Manager,Content Strategy; Analytics; SEO; WordPress; Copywriting; Canva,WordPress; Content Strategy; SEO,1,0,Master,Master,Français (avancé),Français (courant); Anglais (intermédiaire),54.0,0.5,0.0,1.0,1.0,0.76,0.08,0.1,0.06
Data Analyst,Excel; SQL; Data Visualization; Python; Pandas,Python; Data Visualization; Power BI; Excel; Pandas; SQL,4,4,Bac,Bac,Anglais (avancé); Français (intermédiaire),Français (intermédiaire),95.5,1.0,1.0,1.0,0.5,0.34,0.42,0.15,0.09
Graphiste,InDesign; Illustrator; Canva; Typographie; Branding,InDesign,1,5,Master,Master,Français (avancé),Français (courant),49.6,0.2,1.0,1.0,1.0,0.63,0.09,0.06,0.22
Community Manager,Analytics; TikTok; Instagram; Copywriting,Aucune information,3,6,Master,Licence,Anglais (débutant); Français (courant),Français (avancé); Anglais (débutant),79.12,0.0,1.0,0.6666666666666666,0.875,0.08,0.44,0.33,0.15
UI/UX Designer,Adobe XD; Illustrator; Prototypage; Photoshop; Figma,Photoshop; Prototypage; Adobe XD; Illustrator; Figma; UX Research,1,6,Bac,Bac,Français (intermédiaire),Français (avancé),100.0,1.0,1.0,1.0,1.0,0.27,0.09,0.36,0.28
Graphiste,InDesign; Branding; Canva,Photoshop; Illustrator; InDesign,2,3,Bac,Master,Français (avancé),Français (intermédiaire),70.4,0.3333333333333333,1.0,1.2,0.6666666666666666,0.39,0.31,0.12,0.18
UI/UX Designer,Illustrator; Figma; UX Research,Adobe XD; UX Research; Figma; Photoshop; Illustrator; Prototypage,2,6,Bac,Bac,Anglais (avancé); Français (courant),Français (courant),97.0,1.0,1.0,1.0,0.5,0.24,0.63,0.07,0.06
Data Analyst,Data Visualization; Pandas; Excel; Python; Power BI; SQL,Power BI; Excel; Pandas; SQL,2,1,Master,Licence,Français (avancé); Anglais (avancé),Français (avancé),62.17,0.6666666666666666,0.5,0.6666666666666666,0.5,0.45,0.1,0.28,0.17
Developpeur Web,PHP; JavaScript; Laravel; Git; MySQL; HTML/CSS,MySQL; Git; HTML/CSS; Laravel,3,4,Master,Bac,Français (courant); Anglais (intermédiaire),Français (intermédiaire); Anglais (débutant),84.17,0.6666666666666666,1.0,0.3333333333333333,0.5,0.25,0.62,0.06,0.07
UI/UX Designer,Illustrator; Prototypage; Figma; Adobe XD; Photoshop,UX Research; Adobe XD; Illustrator,2,6,Licence,Master,Anglais (débutant); Français (intermédiaire),Français (intermédiaire); Anglais (avancé),78.8,0.4,1.0,1.2,1.0,0.43,0.27,0.23,0.07
Data Analyst,Python; SQL; Excel; Data Visualization; Power BI,Pandas; Python; Power BI,2,3,Bac,Master,Français (avancé),Français (avancé),53.2,0.4,1.0,1.2,1.0,0.8,0.09,0.06,0.05
Graphiste,Typographie; Photoshop; Branding; Illustrator,Illustrator; Photoshop; Canva; Branding,2,5,Bac,Master,Français (courant),Français (courant),88.9,0.75,1.0,1.2,1.0,0.5,0.08,0.07,0.35
Social Media Manager,Meta Ads; Analytics; LinkedIn; TikTok; Instagram; Facebook,Meta Ads; LinkedIn; Instagram; Analytics; TikTok; Facebook,4,1,Licence,Licence,Français (courant); Anglais (intermédiaire),Français (courant); Anglais (intermédiaire),91.0,1.0,0.25,1.0,1.0,0.66,0.12,0.08,0.14
UI/UX Designer,Adobe XD; Illustrator; UX Research; Photoshop,Illustrator; UX Research; Figma; Prototypage,2,3,Bac,Master,Anglais (débutant); Français (avancé),Français (intermédiaire),56.53,0.5,1.0,1.2,0.3333333333333333,0.8,0.07,0.06,0.07
Content Manager,Canva; WordPress; Copywriting; SEO; Analytics; Content Strategy,Canva; WordPress; Analytics,2,5,Licence,Licence,Anglais (débutant),Français (intermédiaire),80.5,0.5,1.0,1.0,0.0,0.11,0.62,0.13,0.14
UI/UX Designer,Illustrator; Prototypage; Figma,Figma,1,2,Master,Bac,Français (intermédiaire); Anglais (débutant),Français (intermédiaire); Anglais (courant),65.33,0.3333333333333333,1.0,0.3333333333333333,1.0,0.05,0.18,0.47,0.3
SEO/SEA,SEM; Google Analytics; SEO; Google Ads; Search Console,Search Console; SEO; Keyword Research; SEM; Google Analytics; Google Ads,1,1,Licence,Bac,Français (courant),Français (intermédiaire); Anglais (intermédiaire),94.5,1.0,1.0,0.5,0.5,0.65,0.24,0.06,0.05
Graphiste,Typographie; InDesign; Branding; Photoshop; Canva; Illustrator,Typographie; Canva; Branding; InDesign; Excel; Analytics,3,5,Bac,Bac,Français (avancé),Français (courant),98.33,0.6666666666666666,1.0,1.0,1.0,0.05,0.45,0.27,0.23
Community Manager,Copywriting; Facebook; TikTok,Aucune information,4,6,Master,Licence,Français (courant); Anglais (courant),Français (courant); Anglais (avancé),17.71,0.0,1.0,0.6666666666666666,0.875,0.8,0.1,0.05,0.05
Chef de projet digital,ClickUp; Scrum; Asana; Communication,Scrum; Agile; Asana; Communication; Gestion de projet; ClickUp,4,6,Licence,Licence,Anglais (débutant); Français (avancé),Français (avancé); Anglais (courant),100.0,1.0,1.0,1.0,1.0,0.37,0.17,0.17,0.29
Chef de projet digital,Asana; Communication; Gestion de projet; Scrum,Instagram,3,8,Master,Bac,Français (intermédiaire),Français (courant),68.0,0.0,1.0,0.3333333333333333,1.0,0.22,0.1,0.15,0.53
Developpeur Web,MySQL; Laravel; Git,HTML/CSS; JavaScript; MySQL,2,3,Licence,Licence,Anglais (intermédiaire); Français (intermédiaire),Français (courant); Anglais (avancé),43.33,0.3333333333333333,1.0,1.0,1.0,0.85,0.05,0.05,0.05
Graphiste,Photoshop; Branding; Illustrator; Typographie; InDesign,Illustrator; InDesign; Typographie; Canva; Photoshop; Branding; Firebase; UX Research,4,0,Licence,Bac,Français (intermédiaire),Français (courant),66.0,1.0,0.0,0.5,1.0,0.4,0.15,0.38,0.07
UI/UX Designer,Figma; UX Research; Photoshop; Adobe XD; Illustrator; Prototypage,Illustrator; Figma; Prototypage; Adobe XD; Photoshop; UX Research,3,5,Bac,Bac,Anglais (avancé),Français (avancé); Anglais (débutant),90.67,1.0,1.0,1.0,0.3333333333333333,0.51,0.24,0.11,0.14
Developpeur Mobile,Flutter; Java; Git; Firebase,Java; Git,2,4,Master,Bac,Anglais (débutant); Français (intermédiaire),Français (courant); Anglais (intermédiaire),70.83,0.5,1.0,0.3333333333333333,1.0,0.45,0.34,0.1,0.11
Graphiste,InDesign; Photoshop; Illustrator; Branding,Aucune information,2,5,Master,Master,Français (intermédiaire),Français (intermédiaire),50.0,0.0,1.0,1.0,1.0,0.5,0.33,0.1,0.07
Developpeur Web,MySQL; HTML/CSS; Git; PHP,Aucune information,2,5,Licence,Bac,Anglais (débutant),Français (avancé),35.0,0.0,1.0,0.5,0.0,0.46,0.25,0.2,0.09
Developpeur Web,MySQL; JavaScript; HTML/CSS; Laravel,JavaScript; Git; HTML/CSS; PHP,1,3,Licence,Master,Anglais (intermédiaire); Français (avancé),Français (courant); Anglais (courant),69.2,0.5,1.0,1.2,1.0,0.64,0.23,0.06,0.07
Developpeur Mobile,Kotlin; Java; Flutter; Firebase,Java; Git; Firebase; LinkedIn; Gestion de projet,3,6,Master,Licence,Français (avancé),Français (intermédiaire),55.5,0.5,1.0,0.6666666666666666,0.6666666666666666,0.79,0.06,0.08,0.07
SEO/SEA,Google Analytics; SEO; Google Ads; SEM; Search Console,Aucune information,4,2,Licence,Bac,Français (courant); Anglais (avancé),Français (intermédiaire),7.5,0.0,0.5,0.5,0.25,0.82,0.06,0.06,0.06
Data Analyst,Data Visualization; Pandas; Power BI,Power BI; Data Visualization; Python; Pandas,4,2,Bac,Licence,Anglais (courant),Français (intermédiaire); Anglais (avancé),83.1,1.0,0.5,1.2,0.75,0.28,0.28,0.18,0.26
Developpeur Web,HTML/CSS; Laravel; MySQL; Git,PHP; Git; HTML/CSS; MySQL; JavaScript; Laravel,1,2,Master,Master,Français (courant); Anglais (courant),Français (intermédiaire),92.5,1.0,1.0,1.0,0.25,0.63,0.18,0.09,0.1
Chef de projet digital,Scrum; ClickUp; Communication; Gestion de projet; Agile; Asana,Agile; Asana; Gestion de projet; ClickUp; Scrum; Communication,1,7,Licence,Licence,Anglais (débutant); Français (intermédiaire),Français (courant); Anglais (débutant),100.0,1.0,1.0,1.0,1.0,0.7,0.15,0.08,0.07
Chef de projet digital,Scrum; Communication; ClickUp; Agile; Gestion de projet,Communication; Scrum; ClickUp; Agile; Asana,1,5,Licence,Bac,Anglais (débutant); Français (avancé),Français (courant),74.8,0.8,1.0,0.5,0.5,0.56,0.16,0.15,0.13
Data Analyst,Python; SQL; Power BI; Excel; Data Visualization; Pandas,Excel; Pandas; Power BI; SQL; Data Visualization; Python,4,3,Licence,Master,Anglais (débutant); Français (avancé),Français (intermédiaire),87.48,1.0,0.75,1.2,0.3333333333333333,0.41,0.29,0.17,0.13
Developpeur Mobile,Flutter; Kotlin; Git; Java; Dart; Firebase,Firebase; Git; TikTok; Agile,1,5,Licence,Bac,Anglais (courant),Français (intermédiaire); Anglais (avancé),48.75,0.3333333333333333,1.0,0.5,0.75,0.66,0.13,0.08,0.13
SEO/SEA,SEM; Keyword Research; Google Ads; SEO,SEO; SEM; Google Analytics; Keyword Research; Search Console; Scrum,4,2,Master,Master,Anglais (avancé); Français (intermédiaire),Français (avancé),69.0,0.75,0.5,1.0,0.5,0.58,0.23,0.09,0.1
Community Manager,Canva; Analytics; Facebook; Copywriting,Aucune information,4,5,Master,Licence,Anglais (intermédiaire); Français (avancé),Français (courant); Anglais (avancé),70.0,0.0,1.0,0.6666666666666666,1.0,0.27,0.54,0.09,0.1
Developpeur Web,MySQL; Laravel; HTML/CSS; PHP; Git; JavaScript,Git; PHP,2,5,Master,Bac,Français (courant),Français (avancé); Anglais (intermédiaire),58.08,0.3333333333333333,1.0,0.3333333333333333,0.75,0.32,0.19,0.2,0.29
SEO/SEA,Google Ads; Search Console; Google Analytics; SEM,Google Analytics; SEO; SEM; Keyword Research; Search Console,3,1,Bac,Master,Anglais (courant); Français (intermédiaire),Français (avancé),68.73,0.75,0.3333333333333333,1.2,0.5,0.6,0.07,0.07,0.26
Data Analyst,Python; Power BI; Data Visualization; SQL; Pandas,Aucune information,4,7,Licence,Bac,Anglais (intermédiaire); Français (courant),Français (avancé); Anglais (débutant),28.88,0.0,1.0,0.5,0.625,0.61,0.14,0.06,0.19
Content Manager,Analytics; WordPress; Canva; Copywriting,Aucune information,3,2,Master,Licence,Français (courant); Anglais (courant),Français (intermédiaire); Anglais (débutant),38.17,0.0,0.6666666666666666,0.6666666666666666,0.375,0.34,0.38,0.08,0.2
Data Analyst,Power BI; Data Visualization; Excel; Pandas,Python; Power BI; Pandas; SQL; Data Visualization,4,3,Master,Licence,Anglais (débutant),Français (avancé); Anglais (intermédiaire),75.17,0.75,0.75,0.6666666666666666,1.0,0.31,0.11,0.43,0.15
Social Media Manager,Analytics; TikTok; Meta Ads,LinkedIn; Facebook; Instagram; TikTok; Meta Ads; Analytics,1,1,Licence,Bac,Français (courant); Anglais (avancé),Français (courant),85.5,1.0,1.0,0.5,0.5,0.21,0.5,0.23,0.06
Data Analyst,Pandas; SQL; Data Visualization; Power BI,SQL; Data Visualization; Excel; Python; Power BI; Pandas; Copywriting,2,3,Master,Master,Anglais (courant),Français (avancé); Anglais (courant),100.0,1.0,1.0,1.0,1.0,0.25,0.41,0.05,0.29
Developpeur Web,HTML/CSS; Git; PHP; MySQL,JavaScript; Laravel; PHP,1,6,Licence,Master,Anglais (courant); Français (intermédiaire),Français (courant); Anglais (avancé),61.03,0.25,1.0,1.2,0.875,0.5,0.2,0.07,0.23
Developpeur Web,Git; HTML/CSS; JavaScript,JavaScript; Laravel; ClickUp,1,5,Licence,Master,Français (avancé); Anglais (débutant),Français (intermédiaire); Anglais (débutant),89.07,0.3333333333333333,1.0,1.2,0.8333333333333333,0.08,0.43,0.07,0.42
Content Manager,Canva; Content Strategy; Analytics; WordPress; Copywriting,Canva; Analytics,2,0,Licence,Licence,Français (intermédiaire); Anglais (avancé),Français (courant); Anglais (débutant),42.6,0.4,0.0,1.0,0.6666666666666666,0.84,0.05,0.05,0.06
UI/UX Designer,Figma; UX Research; Prototypage; Illustrator; Adobe XD; Photoshop,Figma; Illustrator; Photoshop; Prototypage; Adobe XD,3,5,Bac,Bac,Anglais (courant),Français (intermédiaire),72.83,0.8333333333333334,1.0,1.0,0.0,0.49,0.27,0.05,0.19
Social Media Manager,Meta Ads; Analytics; Instagram,Meta Ads; TikTok; Agile,2,1,Master,Licence,Français (courant); Anglais (courant),Français (intermédiaire),37.25,0.3333333333333333,0.5,0.6666666666666666,0.25,0.74,0.16,0.05,0.05
Data Analyst,Pandas; Excel; Python,Aucune information,2,6,Licence,Bac,Anglais (débutant); Français (intermédiaire),Français (courant); Anglais (courant),52.0,0.0,1.0,0.5,1.0,0.38,0.17,0.2,0.25
Data Analyst,Power BI; Data Visualization; Pandas; SQL,Git; Scrum,2,1,Licence,Licence,Anglais (débutant); Français (avancé),Français (intermédiaire); Anglais (intermédiaire),32.17,0.0,0.5,1.0,0.8333333333333333,0.53,0.24,0.06,0.17
Content Manager,Canva; Copywriting; SEO; Content Strategy; WordPress; Analytics,Git; PHP,4,1,Bac,Licence,Anglais (intermédiaire); Français (avancé),Français (intermédiaire),23.25,0.0,0.25,1.2,0.3333333333333333,0.48,0.33,0.1,0.09
Community Manager,TikTok; Facebook; Copywriting; Instagram; Analytics,Aucune information,2,5,Bac,Bac,Français (courant); Anglais (intermédiaire),Français (courant); Anglais (courant),30.0,0.0,1.0,1.0,1.0,0.7,0.14,0.08,0.08
Developpeur Mobile,Java; Git; Kotlin; Firebase; Dart,Java,3,5,Bac,Licence,Français (avancé); Anglais (intermédiaire),Français (intermédiaire); Anglais (avancé),38.0,0.2,1.0,1.2,0.8333333333333333,0.78,0.09,0.07,0.06
SEO/SEA,Keyword Research; SEO; SEM; Google Ads; Google Analytics; Search Console,Keyword Research; Google Ads; Google Analytics; Search Console,3,6,Bac,Master,Français (courant),Français (courant),90.07,0.6666666666666666,1.0,1.2,1.0,0.37,0.45,0.12,0.06
UI/UX Designer,Adobe XD; UX Research; Prototypage; Photoshop; Figma,Prototypage; UX Research; Photoshop; Illustrator; Adobe XD,2,3,Master,Licence,Anglais (intermédiaire); Français (avancé),Français (avancé); Anglais (avancé),89.53,0.8,1.0,0.6666666666666666,1.0,0.44,0.41,0.05,0.1
Developpeur Web,JavaScript; PHP; MySQL; Laravel; Git,PHP; JavaScript; Git; Laravel; HTML/CSS,1,6,Bac,Master,Anglais (débutant); Français (avancé),Français (courant),87.9,0.8,1.0,1.2,0.5,0.35,0.45,0.07,0.13
Chef de projet digital,Agile; ClickUp; Communication; Scrum,Communication,1,7,Master,Master,Français (courant),Français (avancé); Anglais (courant),47.5,0.25,1.0,1.0,0.75,0.68,0.16,0.1,0.06
Social Media Manager,LinkedIn; Analytics; TikTok; Meta Ads; Facebook,TikTok; Meta Ads,3,2,Bac,Bac,Français (intermédiaire); Anglais (débutant),Français (courant); Anglais (débutant),76.8,0.4,0.6666666666666666,1.0,1.0,0.17,0.39,0.29,0.15
Social Media Manager,Analytics; LinkedIn; Instagram; TikTok; Facebook,Analytics; Meta Ads; Facebook; TikTok; Instagram,3,0,Master,Licence,Anglais (avancé); Français (courant),Français (courant); Anglais (avancé),45.93,0.8,0.0,0.6666666666666666,1.0,0.32,0.45,0.08,0.15
Chef de projet digital,Scrum; Communication; Gestion de projet; Agile,Gestion de projet; Scrum; ClickUp; Agile; Asana; Communication,3,2,Bac,Master,Anglais (débutant),Français (courant); Anglais (débutant),83.93,1.0,0.6666666666666666,1.2,1.0,0.15,0.59,0.18,0.08
Graphiste,Branding; InDesign; Canva; Photoshop; Typographie; Illustrator,InDesign; Canva; Branding,4,6,Bac,Bac,Français (courant),Français (avancé),60.75,0.5,1.0,1.0,0.75,0.71,0.05,0.09,0.15
Community Manager,Analytics; Canva; TikTok,Aucune information,1,2,Master,Licence,Anglais (intermédiaire),Français (courant),64.67,0.0,1.0,0.6666666666666666,0.0,0.25,0.58,0.1,0.07
SEO/SEA,Google Ads; SEM; Google Analytics,Google Analytics; Google Ads; SEM; SEO,1,0,Licence,Licence,Anglais (avancé),Français (avancé),80.0,1.0,0.0,1.0,0.0,0.73,0.14,0.07,0.06
UI/UX Designer,Figma; Photoshop; Illustrator; Prototypage,Aucune information,2,6,Master,Bac,Anglais (débutant); Français (avancé),Français (avancé); Anglais (courant),17.67,0.0,1.0,0.3333333333333333,1.0,0.79,0.05,0.05,0.11
SEO/SEA,Google Analytics; Google Ads; Search Console,Keyword Research; SEM; SEO; Search Console; Google Ads,1,0,Bac,Master,Anglais (intermédiaire),Français (courant); Anglais (avancé),25.2,0.6666666666666666,0.0,1.2,1.0,0.18,0.7,0.06,0.06
UI/UX Designer,Illustrator; Figma; Photoshop; Prototypage; Adobe XD,Aucune information,2,4,Master,Master,Anglais (courant),Français (courant),12.0,0.0,1.0,1.0,0.0,0.83,0.06,0.06,0.05
Developpeur Web,Git; PHP; HTML/CSS; Laravel; MySQL; JavaScript,JavaScript; MySQL; Laravel; PHP; Git; HTML/CSS,3,1,Bac,Master,Français (avancé); Anglais (avancé),Français (intermédiaire); Anglais (courant),73.4,1.0,0.3333333333333333,1.2,0.8333333333333333,0.4,0.42,0.12,0.06
UI/UX Designer,Figma; Illustrator; UX Research; Adobe XD,Photoshop; Prototypage,2,6,Bac,Master,Français (intermédiaire),Français (courant); Anglais (débutant),27.0,0.0,1.0,1.2,1.0,0.75,0.06,0.1,0.09
Graphiste,InDesign; Photoshop; Typographie; Illustrator; Branding,InDesign; Illustrator; Canva,3,2,Licence,Master,Français (courant),Français (courant),78.53,0.4,0.6666666666666666,1.2,1.0,0.06,0.62,0.14,0.18
Developpeur Mobile,Flutter; Git; Dart; Firebase; Java; Kotlin,Java; Git; Dart,1,2,Bac,Licence,Anglais (intermédiaire); Français (intermédiaire),Français (intermédiaire); Anglais (avancé),80.2,0.5,1.0,1.2,1.0,0.42,0.47,0.06,0.05
SEO/SEA,Search Console; SEO; Keyword Research; Google Analytics; Google Ads,Keyword Research,3,3,Master,Bac,Français (intermédiaire),Français (courant); Anglais (avancé),40.67,0.2,1.0,0.3333333333333333,1.0,0.65,0.13,0.11,0.11
Social Media Manager,LinkedIn; Meta Ads; Facebook; TikTok; Analytics,Instagram; Meta Ads; TikTok; Analytics,4,2,Licence,Bac,Anglais (débutant); Français (avancé),Français (courant),52.2,0.6,0.5,0.5,0.5,0.22,0.53,0.18,0.07
UI/UX Designer,Prototypage; Illustrator; Figma; Adobe XD; Photoshop; UX Research,Aucune information,2,3,Master,Bac,Anglais (débutant); Français (avancé),Français (avancé),34.0,0.0,1.0,0.3333333333333333,0.5,0.33,0.06,0.15,0.46
Social Media Manager,Analytics; Facebook; TikTok; Instagram; Meta Ads,Instagram; Laravel,2,2,Licence,Master,Français (courant),Français (avancé); Anglais (avancé),35.65,0.2,1.0,1.2,0.75,0.8,0.06,0.07,0.07
Data Analyst,Pandas; Python; Data Visualization; SQL,Pandas; Python; SQL; Power BI; Data Visualization; Excel,4,5,Master,Bac,Anglais (intermédiaire); Français (courant),Français (courant),77.0,1.0,1.0,0.3333333333333333,0.5,0.31,0.28,0.15,0.26
Content Manager,SEO; Canva; WordPress; Content Strategy,Analytics; SEO,2,4,Licence,Licence,Français (intermédiaire),Français (avancé),94.0,0.25,1.0,1.0,1.0,0.08,0.27,0.33,0.32
Data Analyst,SQL; Excel; Python; Pandas; Power BI,SEO,2,4,Bac,Master,Français (intermédiaire); Anglais (avancé),Français (courant); Anglais (intermédiaire),21.7,0.0,1.0,1.2,0.8333333333333333,0.78,0.07,0.06,0.09
Content Manager,Canva; Content Strategy; Copywriting,Canva; WordPress,3,1,Licence,Licence,Anglais (avancé),Français (intermédiaire); Anglais (débutant),36.67,0.3333333333333333,0.3333333333333333,1.0,0.3333333333333333,0.85,0.05,0.05,0.05
Social Media Manager,TikTok; Analytics; Meta Ads; Instagram,LinkedIn; Illustrator,2,1,Licence,Bac,Anglais (avancé),Français (intermédiaire); Anglais (courant),13.5,0.0,0.5,0.5,1.0,0.78,0.12,0.05,0.05
Content Manager,SEO; Analytics; Copywriting; Canva; Content Strategy; WordPress,WordPress; Analytics; Canva,2,1,Licence,Bac,Anglais (courant); Français (courant),Français (intermédiaire); Anglais (débutant),48.75,0.5,0.5,0.5,0.375,0.69,0.08,0.13,0.1
Community Manager,Copywriting; Canva; TikTok; Analytics; Facebook; Instagram,Facebook; Canva; Figma; Typographie,4,4,Bac,Licence,Anglais (intermédiaire); Français (courant),Français (courant); Anglais (intermédiaire),45.67,0.3333333333333333,1.0,1.2,1.0,0.83,0.06,0.05,0.06
Data Analyst,Pandas; Data Visualization; Python; Power BI; Excel,Pandas,4,0,Licence,Bac,Anglais (débutant); Français (courant),Français (courant); Anglais (avancé),15.3,0.2,0.0,0.5,1.0,0.19,0.66,0.07,0.08
Chef de projet digital,Scrum; Gestion de projet; Communication; ClickUp; Asana; Agile,Gestion de projet; Asana; ClickUp; Agile; Scrum,4,1,Master,Licence,Anglais (débutant); Français (avancé),Français (intermédiaire); Anglais (avancé),59.33,0.8333333333333334,0.25,0.6666666666666666,0.8333333333333333,0.22,0.34,0.25,0.19
Chef de projet digital,Communication; Gestion de projet; Scrum; Asana; Agile,Aucune information,4,1,Bac,Bac,Français (intermédiaire); Anglais (débutant),Français (intermédiaire); Anglais (intermédiaire),59.25,0.0,0.25,1.0,1.0,0.34,0.09,0.23,0.34
UI/UX Designer,UX Research; Adobe XD; Illustrator; Photoshop; Prototypage; Figma,Illustrator; Prototypage; UX Research; Adobe XD; Figma,2,4,Master,Licence,Anglais (débutant),Français (courant); Anglais (débutant),83.67,0.8333333333333334,1.0,0.6666666666666666,1.0,0.58,0.17,0.2,0.05
Chef de projet digital,Scrum; Asana; Gestion de projet; Agile,ClickUp; Asana,3,4,Licence,Licence,Anglais (intermédiaire),Français (intermédiaire); Anglais (intermédiaire),62.5,0.25,1.0,1.0,1.0,0.5,0.37,0.07,0.06
SEO/SEA,Google Ads; Google Analytics; SEO; Search Console; SEM,Keyword Research,3,4,Licence,Master,Anglais (débutant); Français (avancé),Français (intermédiaire); Anglais (avancé),38.43,0.0,1.0,1.2,0.8333333333333333,0.61,0.18,0.08,0.13
Content Manager,SEO; WordPress; Analytics; Copywriting,Analytics; Canva,2,0,Bac,Master,Anglais (courant),Français (avancé),25.0,0.25,0.0,1.2,0.0,0.52,0.21,0.1,0.17
Chef de projet digital,Communication; Scrum; Asana; Gestion de projet; ClickUp; Agile,ClickUp,1,2,Master,Bac,Français (courant),Français (intermédiaire),39.67,0.16666666666666666,1.0,0.3333333333333333,0.5,0.57,0.22,0.14,0.07
Chef de projet digital,Communication; Asana; Agile; ClickUp,ClickUp; Gestion de projet,3,2,Master,Master,Anglais (courant),Français (courant); Anglais (avancé),37.17,0.25,0.6666666666666666,1.0,0.75,0.76,0.13,0.05,0.06
Developpeur Mobile,Dart; Git; Firebase; Java; Flutter,Java,1,3,Master,Licence,Anglais (courant); Français (intermédiaire),Français (courant); Anglais (avancé),74.85,0.2,1.0,0.6666666666666666,0.875,0.18,0.36,0.24,0.22
Developpeur Mobile,Dart; Git; Firebase; Flutter,Firebase; Kotlin; Java; Git; Flutter; Dart,1,5,Licence,Bac,Français (courant); Anglais (intermédiaire),Français (intermédiaire); Anglais (courant),92.75,1.0,1.0,0.5,0.75,0.46,0.31,0.06,0.17
Community Manager,Canva; Copywriting; TikTok; Analytics,Instagram,1,3,Master,Master,Anglais (avancé); Français (courant),Français (courant),72.5,0.0,1.0,1.0,0.5,0.14,0.25,0.34,0.27
Data Analyst,Pandas; SQL; Data Visualization; Excel; Python; Power BI,Pandas; Data Visualization; SQL; Excel; Python; Power BI,3,7,Bac,Bac,Français (avancé),Français (courant),100.0,1.0,1.0,1.0,1.0,0.69,0.13,0.08,0.1
Developpeur Mobile,Flutter; Git; Dart; Firebase; Java; Kotlin,Firebase; Flutter; Dart,1,0,Master,Licence,Anglais (avancé); Français (intermédiaire),Français (avancé); Anglais (intermédiaire),63.83,0.5,0.0,0.6666666666666666,0.8333333333333333,0.24,0.07,0.34,0.35
Developpeur Web,Git; PHP; MySQL,Git; HTML/CSS,4,3,Bac,Licence,Anglais (débutant),Français (avancé); Anglais (intermédiaire),50.08,0.3333333333333333,0.75,1.2,1.0,0.7,0.17,0.05,0.08
Social Media Manager,Instagram; Meta Ads; LinkedIn,Facebook; TikTok; LinkedIn; Meta Ads; Instagram; Analytics,2,1,Master,Licence,Français (avancé),Français (courant); Anglais (débutant),95.83,1.0,0.5,0.6666666666666666,1.0,0.83,0.05,0.05,0.07
Developpeur Mobile,Kotlin; Git; Flutter,Flutter; Git; Kotlin; Java,2,3,Bac,Licence,Français (courant),Français (courant); Anglais (débutant),101.2,1.0,1.0,1.2,1.0,0.43,0.2,0.06,0.31
Developpeur Web,JavaScript; MySQL; Laravel; HTML/CSS,HTML/CSS,3,3,Master,Licence,Français (courant); Anglais (débutant),Français (avancé); Anglais (avancé),69.83,0.25,1.0,0.6666666666666666,0.875,0.29,0.37,0.2,0.14
UI/UX Designer,Prototypage; Illustrator; Figma; Adobe XD; Photoshop; UX Research,Adobe XD; Prototypage; Illustrator,4,2,Licence,Master,Anglais (débutant),Français (courant); Anglais (courant),70.9,0.5,0.5,1.2,1.0,0.51,0.12,0.12,0.25
Developpeur Web,Git; JavaScript; Laravel; HTML/CSS; PHP; MySQL,MySQL; PHP; Laravel; JavaScript; Git; HTML/CSS,2,4,Licence,Bac,Anglais (débutant),Français (avancé),71.0,1.0,1.0,0.5,0.0,0.18,0.46,0.14,0.22
Content Manager,Canva; SEO; Copywriting; Content Strategy,Canva; SEO; Content Strategy; Analytics; WordPress,1,6,Bac,Licence,Français (intermédiaire),Français (intermédiaire); Anglais (courant),81.1,0.75,1.0,1.2,1.0,0.82,0.05,0.08,0.05
Social Media Manager,TikTok; Analytics; LinkedIn; Instagram; Facebook,LinkedIn; Facebook,4,1,Licence,Master,Anglais (intermédiaire),Français (courant); Anglais (débutant),51.0,0.4,0.25,1.2,0.5,0.66,0.06,0.13,0.15
Content Manager,Copywriting; SEO; Content Strategy; Canva; WordPress; Analytics,Analytics; Canva; Content Strategy; WordPress; SEO; Meta Ads; Instagram,2,1,Licence,Master,Anglais (avancé); Français (courant),Français (avancé),82.66,0.8333333333333334,0.5,1.2,0.375,0.49,0.1,0.26,0.15
Developpeur Web,HTML/CSS; PHP; JavaScript,Laravel; PHP; HTML/CSS; MySQL; Git,4,4,Bac,Master,Français (avancé),Français (intermédiaire),88.0,0.6666666666666666,1.0,1.2,0.6666666666666666,0.37,0.32,0.2,0.11
Chef de projet digital,Agile; Communication; ClickUp; Gestion de projet; Asana; Scrum,Aucune information,3,3,Bac,Bac,Français (avancé); Anglais (courant),Français (intermédiaire); Anglais (courant),59.5,0.0,1.0,1.0,0.8333333333333333,0.38,0.17,0.3,0.15
Social Media Manager,LinkedIn; Facebook; TikTok; Instagram; Analytics,Facebook; Analytics; Meta Ads; Instagram; TikTok,2,3,Master,Bac,Anglais (débutant),Français (avancé); Anglais (débutant),87.53,0.8,1.0,0.3333333333333333,1.0,0.39,0.34,0.07,0.2
Chef de projet digital,Communication; Asana; Agile; Gestion de projet; ClickUp; Scrum,Aucune information,2,4,Master,Master,Anglais (intermédiaire); Français (intermédiaire),Français (avancé); Anglais (courant),24.0,0.0,1.0,1.0,1.0,0.76,0.14,0.05,0.05
Social Media Manager,Instagram; Meta Ads; Analytics,LinkedIn; Meta Ads; TikTok; Instagram,4,1,Bac,Master,Français (courant); Anglais (débutant),Français (courant),57.85,0.6666666666666666,0.25,1.2,0.5,0.33,0.41,0.18,0.08
Social Media Manager,Facebook; LinkedIn; Instagram,TikTok; LinkedIn; Meta Ads; Facebook; Instagram,1,3,Licence,Licence,Anglais (avancé); Français (avancé),Français (intermédiaire); Anglais (intermédiaire),97.0,1.0,1.0,1.0,0.6666666666666666,0.38,0.48,0.05,0.09
SEO/SEA,Keyword Research; Google Analytics; Google Ads,Search Console; Google Ads; SEM; Keyword Research; Google Analytics,1,2,Bac,Licence,Français (courant); Anglais (avancé),Français (courant); Anglais (débutant),101.73,1.0,1.0,1.2,0.6666666666666666,0.58,0.12,0.22,0.08
UI/UX Designer,Adobe XD; Illustrator; Prototypage,Prototypage; Figma,4,6,Bac,Licence,Français (intermédiaire),Français (avancé),68.8,0.3333333333333333,1.0,1.2,1.0,0.54,0.13,0.24,0.09
SEO/SEA,SEO; Keyword Research; Google Ads; Google Analytics; Search Console; SEM,Google Ads; SEO; Search Console,2,3,Bac,Licence,Anglais (intermédiaire); Français (intermédiaire),Français (intermédiaire); Anglais (intermédiaire),91.7,0.5,1.0,1.2,1.0,0.21,0.26,0.11,0.42
Community Manager,Analytics; Canva; Instagram; Copywriting,Copywriting; Canva,1,2,Bac,Licence,Français (courant); Anglais (débutant),Français (intermédiaire); Anglais (courant),78.75,0.5,1.0,1.2,0.75,0.41,0.47,0.05,0.07
Community Manager,Copywriting; Instagram; Canva; Analytics; Facebook,Canva; TikTok,4,3,Licence,Licence,Anglais (avancé); Français (courant),Français (courant); Anglais (débutant),36.78,0.2,0.75,1.0,0.6666666666666666,0.71,0.19,0.05,0.05
Content Manager,Analytics; Content Strategy; WordPress; Copywriting,Copywriting; WordPress; Canva; Analytics; SEO; Content Strategy,4,1,Master,Licence,Anglais (débutant),Français (avancé),55.33,1.0,0.25,0.6666666666666666,0.0,0.4,0.48,0.05,0.07
SEO/SEA,SEM; Keyword Research; Search Console,Keyword Research; Search Console; SEO; SEM; Google Analytics,4,2,Master,Bac,Français (courant); Anglais (courant),Français (intermédiaire); Anglais (courant),65.83,1.0,0.5,0.3333333333333333,0.75,0.33,0.48,0.13,0.06
SEO/SEA,SEM; SEO; Keyword Research; Search Console; Google Ads,SEM; Search Console,2,4,Master,Master,Anglais (courant),Français (courant); Anglais (intermédiaire),78.7,0.4,1.0,1.0,0.5,0.08,0.42,0.17,0.33
Chef de projet digital,Asana; ClickUp; Agile,Asana; ClickUp,1,8,Master,Licence,Anglais (courant),Français (courant); Anglais (avancé),80.5,0.6666666666666666,1.0,0.6666666666666666,0.75,0.49,0.4,0.05,0.06
Chef de projet digital,Agile; Asana; Communication; Gestion de projet; ClickUp,Scrum; Gestion de projet; Communication; Asana; Agile,1,6,Licence,Licence,Français (courant),Français (courant); Anglais (avancé),86.4,0.8,1.0,1.0,1.0,0.68,0.18,0.05,0.09
UI/UX Designer,UX Research; Illustrator; Prototypage; Figma,Adobe XD; UX Research; Photoshop; Illustrator; Figma,2,6,Licence,Master,Anglais (courant); Français (avancé),Français (intermédiaire); Anglais (avancé),91.32,0.75,1.0,1.2,0.7083333333333333,0.3,0.12,0.32,0.26
Chef de projet digital,Asana; ClickUp; Communication,ClickUp; Gestion de projet; Power BI; Canva,4,4,Master,Master,Français (courant); Anglais (avancé),Français (courant); Anglais (intermédiaire),46.17,0.3333333333333333,1.0,1.0,0.8333333333333333,0.79,0.06,0.08,0.07
Developpeur Mobile,Firebase; Flutter; Dart; Git,Git; Kotlin; Dart; Java,2,5,Master,Master,Anglais (avancé); Français (intermédiaire),Français (intermédiaire),67.0,0.5,1.0,1.0,0.5,0.52,0.23,0.11,0.14
UI/UX Designer,Photoshop; Adobe XD; Prototypage; Illustrator; UX Research; Figma,Illustrator; Prototypage; UX Research; Adobe XD; Photoshop; Figma,3,3,Bac,Licence,Français (intermédiaire); Anglais (avancé),Français (avancé); Anglais (débutant),99.07,1.0,1.0,1.2,0.6666666666666666,0.81,0.05,0.07,0.07
Graphiste,Photoshop; InDesign; Illustrator; Branding; Canva,Photoshop; InDesign; Branding; Canva,2,0,Licence,Master,Français (courant),Français (courant),77.6,0.8,0.0,1.2,1.0,0.06,0.32,0.54,0.08
Graphiste,Photoshop; Illustrator; InDesign; Typographie; Branding; Canva,Illustrator; Typographie; InDesign; Canva; Branding; Photoshop,3,6,Bac,Bac,Français (intermédiaire),Français (courant),100.0,1.0,1.0,1.0,1.0,0.79,0.05,0.05,0.11
Developpeur Web,JavaScript; MySQL; Laravel; Git; HTML/CSS,Git; PHP; MySQL; HTML/CSS; JavaScript; Laravel; TikTok; Analytics,3,1,Master,Master,Français (courant); Anglais (avancé),Français (intermédiaire); Anglais (intermédiaire),58.83,1.0,0.3333333333333333,1.0,0.5833333333333333,0.05,0.53,0.28,0.14
Community Manager,Canva; Analytics; Facebook; TikTok; Copywriting; Instagram,Copywriting; Facebook,3,6,Master,Master,Anglais (débutant); Français (intermédiaire),Français (courant); Anglais (avancé),61.33,0.3333333333333333,1.0,1.0,1.0,0.58,0.21,0.1,0.11
Social Media Manager,Meta Ads; LinkedIn; Instagram,TikTok; Analytics; Instagram; Meta Ads; LinkedIn; Facebook,4,6,Bac,Bac,Anglais (courant); Français (intermédiaire),Français (courant); Anglais (courant),100.0,1.0,1.0,1.0,1.0,0.82,0.07,0.05,0.06
Developpeur Mobile,Git; Kotlin; Flutter; Dart,Firebase; Branding,2,0,Master,Licence,Anglais (avancé),Français (intermédiaire),6.67,0.0,0.0,0.6666666666666666,0.0,0.33,0.45,0.1,0.12
SEO/SEA,Search Console; Google Ads; SEM; Google Analytics; SEO,Aucune information,1,4,Bac,Master,Anglais (intermédiaire),Français (avancé); Anglais (débutant),14.0,0.0,1.0,1.2,0.5,0.84,0.05,0.05,0.06
Social Media Manager,LinkedIn; Instagram; Analytics,Aucune information,1,2,Bac,Bac,Français (intermédiaire); Anglais (intermédiaire),Français (intermédiaire); Anglais (débutant),35.5,0.0,1.0,1.0,0.75,0.63,0.23,0.08,0.06
UI/UX Designer,Prototypage; UX Research; Figma,Prototypage; Illustrator; Adobe XD,2,1,Licence,Bac,Français (intermédiaire); Anglais (avancé),Français (courant); Anglais (avancé),50.5,0.3333333333333333,0.5,0.5,1.0,0.33,0.24,0.31,0.12
SEO/SEA,Google Ads; Search Console; Google Analytics; SEM; SEO,Keyword Research,2,1,Master,Master,Français (intermédiaire); Anglais (courant),Français (avancé); Anglais (courant),65.0,0.0,0.5,1.0,1.0,0.15,0.4,0.38,0.07
Graphiste,Canva; Photoshop; Illustrator; Typographie; Branding; InDesign,Branding; Canva; InDesign; Typographie; Photoshop; Illustrator,3,6,Licence,Bac,Français (courant),Français (avancé),91.25,1.0,1.0,0.5,0.75,0.52,0.24,0.11,0.13
Developpeur Mobile,Firebase; Dart; Flutter,Git; Flutter; Dart; Kotlin; Java,1,4,Licence,Bac,Anglais (intermédiaire); Français (intermédiaire),Français (courant),69.83,0.6666666666666666,1.0,0.5,0.5,0.44,0.25,0.2,0.11
Social Media Manager,Meta Ads; Facebook; TikTok; LinkedIn; Instagram; Analytics,Aucune information,1,4,Bac,Bac,Anglais (intermédiaire),Français (intermédiaire); Anglais (courant),29.0,0.0,1.0,1.0,1.0,0.71,0.12,0.12,0.05
Developpeur Web,HTML/CSS; PHP; Laravel; Git,HTML/CSS,3,2,Master,Master,Français (courant); Anglais (avancé),Français (avancé),50.96,0.25,0.6666666666666666,1.0,0.375,0.36,0.23,0.18,0.23
SEO/SEA,Keyword Research; SEO; Google Analytics; SEM; Search Console,Keyword Research; Google Ads; Google Analytics; SEO; Search Console; SEM,4,5,Licence,Master,Français (intermédiaire); Anglais (courant),Français (avancé); Anglais (intermédiaire),100.7,1.0,1.0,1.2,0.75,0.6,0.05,0.21,0.14
Developpeur Web,Laravel; PHP; Git,PHP; JavaScript; Git; HTML/CSS; Laravel; MySQL,3,5,Licence,Licence,Français (courant),Français (intermédiaire); Anglais (courant),89.5,1.0,1.0,1.0,0.5,0.23,0.51,0.05,0.21
Social Media Manager,Meta Ads; Facebook; Instagram,Aucune information,2,6,Master,Licence,Anglais (débutant),Français (courant),51.33,0.0,1.0,0.6666666666666666,0.0,0.42,0.48,0.05,0.05
Developpeur Mobile,Flutter; Firebase; Dart; Git; Java; Kotlin,Flutter,4,0,Licence,Bac,Français (intermédiaire); Anglais (avancé),Français (courant); Anglais (intermédiaire),26.33,0.16666666666666666,0.0,0.5,0.8333333333333333,0.17,0.48,0.17,0.18
Developpeur Web,HTML/CSS; MySQL; PHP; Git; JavaScript; Laravel,Aucune information,4,6,Bac,Master,Anglais (débutant),Français (avancé); Anglais (débutant),78.8,0.0,1.0,1.2,1.0,0.28,0.27,0.34,0.11
Developpeur Mobile,Java; Dart; Git,Dart; Kotlin; Firebase; Java; Git,1,3,Master,Master,Anglais (débutant),Français (courant),94.0,1.0,1.0,1.0,0.0,0.31,0.45,0.18,0.06
Chef de projet digital,Scrum; Agile; Communication; Gestion de projet; Asana,Asana; ClickUp; Agile,2,3,Bac,Licence,Anglais (avancé),Français (courant); Anglais (courant),80.6,0.4,1.0,1.2,1.0,0.35,0.23,0.08,0.34
Developpeur Mobile,Dart; Firebase; Flutter,Dart; Firebase; Git; Java; Flutter,2,2,Licence,Bac,Français (intermédiaire),Français (intermédiaire); Anglais (débutant),96.5,1.0,1.0,0.5,1.0,0.71,0.14,0.07,0.08
Chef de projet digital,Agile; ClickUp; Communication; Gestion de projet,Scrum,1,5,Bac,Master,Français (intermédiaire),Français (courant); Anglais (courant),35.4,0.0,1.0,1.2,1.0,0.66,0.22,0.07,0.05
Content Manager,WordPress; Analytics; Content Strategy; Canva; SEO,WordPress; SEO; Canva,2,3,Bac,Licence,Français (intermédiaire); Anglais (intermédiaire),Français (intermédiaire); Anglais (intermédiaire),77.6,0.6,1.0,1.2,1.0,0.59,0.26,0.06,0.09
Social Media Manager,Instagram; TikTok; Meta Ads; Analytics,LinkedIn; Meta Ads; Analytics; Facebook,2,1,Bac,Licence,Anglais (avancé),Français (courant); Anglais (débutant),50.67,0.5,0.5,1.2,0.3333333333333333,0.52,0.26,0.05,0.17
Data Analyst,Power BI; Excel; Data Visualization,Python,4,3,Licence,Bac,Anglais (intermédiaire); Français (avancé),Français (intermédiaire),23.25,0.0,0.75,0.5,0.3333333333333333,0.59,0.17,0.15,0.09
Chef de projet digital,Gestion de projet; Scrum; Communication; Agile; Asana,ClickUp; Asana; Scrum; Agile; Canva,2,5,Licence,Master,Français (intermédiaire),Français (avancé); Anglais (courant),78.2,0.6,1.0,1.2,1.0,0.57,0.29,0.05,0.09
Content Manager,Content Strategy; SEO; Canva; Copywriting,Aucune information,3,0,Bac,Master,Français (intermédiaire); Anglais (débutant),Français (courant); Anglais (courant),30.0,0.0,0.0,1.2,1.0,0.31,0.4,0.05,0.24
Content Manager,SEO; Copywriting; Analytics; Canva,WordPress; Content Strategy; Copywriting; Analytics; SEO; Canva,1,2,Bac,Licence,Français (courant),Français (avancé); Anglais (intermédiaire),101.7,1.0,1.0,1.2,0.75,0.49,0.29,0.16,0.06
SEO/SEA,Search Console; Google Analytics; Google Ads; Keyword Research; SEM; SEO,Search Console; Agile; Instagram,2,6,Licence,Master,Anglais (intermédiaire); Français (courant),Français (courant); Anglais (débutant),84.05,0.16666666666666666,1.0,1.2,0.75,0.21,0.51,0.19,0.09
Content Manager,Analytics; Content Strategy; WordPress; SEO,Copywriting; SEO,2,0,Licence,Master,Français (intermédiaire),Français (intermédiaire),58.0,0.25,0.0,1.2,1.0,0.4,0.16,0.2,0.24
Developpeur Web,Laravel; HTML/CSS; PHP; JavaScript; MySQL,Git; HTML/CSS; Laravel,1,3,Master,Licence,Français (avancé),Français (intermédiaire); Anglais (avancé),83.4,0.4,1.0,0.6666666666666666,0.6666666666666666,0.16,0.63,0.05,0.16
Chef de projet digital,Scrum; ClickUp; Agile; Gestion de projet,Aucune information,3,6,Bac,Bac,Anglais (courant); Français (intermédiaire),Français (courant),45.0,0.0,1.0,1.0,0.5,0.51,0.28,0.13,0.08
Developpeur Mobile,Java; Kotlin; Git; Firebase; Flutter,Flutter,4,1,Master,Licence,Anglais (avancé),Français (intermédiaire),27.57,0.2,0.25,0.6666666666666666,0.0,0.42,0.34,0.16,0.08
Community Manager,Instagram; Facebook; Copywriting; Analytics; TikTok,Aucune information,2,5,Bac,Master,Français (avancé); Anglais (débutant),Français (avancé); Anglais (courant),71.0,0.0,1.0,1.2,1.0,0.32,0.45,0.15,0.08
Developpeur Web,Laravel; MySQL; PHP; HTML/CSS,MySQL; PHP; Git; JavaScript; Laravel,1,2,Licence,Bac,Anglais (avancé); Français (avancé),Français (avancé); Anglais (courant),77.75,0.75,1.0,0.5,1.0,0.27,0.2,0.31,0.22
Chef de projet digital,Scrum; Asana; Agile; ClickUp; Gestion de projet,Agile; ClickUp; Gestion de projet; Asana,1,7,Master,Master,Anglais (intermédiaire); Français (intermédiaire),Français (courant),81.0,0.8,1.0,1.0,0.5,0.8,0.07,0.07,0.06
Developpeur Mobile,Kotlin; Flutter; Dart; Java; Git; Firebase,Aucune information,2,5,Bac,Licence,Français (intermédiaire),Français (courant); Anglais (avancé),42.0,0.0,1.0,1.2,1.0,0.61,0.11,0.15,0.13
Content Manager,Copywriting; WordPress; Content Strategy; SEO; Analytics,Aucune information,3,1,Licence,Master,Français (intermédiaire); Anglais (intermédiaire),Français (courant); Anglais (courant),50.2,0.0,0.3333333333333333,1.2,1.0,0.32,0.33,0.21,0.14
Developpeur Mobile,Firebase; Java; Kotlin,Illustrator,4,4,Licence,Master,Anglais (intermédiaire); Français (avancé),Français (intermédiaire),25.47,0.0,1.0,1.2,0.3333333333333333,0.69,0.11,0.09,0.11
SEO/SEA,Search Console; Google Ads; SEO; Google Analytics; Keyword Research,Google Analytics; Search Console; Keyword Research; Google Ads; SEO; SEM; Copywriting,3,6,Licence,Licence,Anglais (intermédiaire),Français (intermédiaire); Anglais (intermédiaire),100.0,1.0,1.0,1.0,1.0,0.22,0.09,0.1,0.59
Developpeur Mobile,Git; Dart; Kotlin; Firebase,Aucune information,4,4,Master,Licence,Français (courant); Anglais (intermédiaire),Français (avancé); Anglais (débutant),25.79,0.0,1.0,0.6666666666666666,0.625,0.69,0.16,0.1,0.05
Content Manager,SEO; Analytics; Content Strategy,Aucune information,1,5,Bac,Bac,Anglais (courant),Français (intermédiaire); Anglais (avancé),22.75,0.0,1.0,1.0,0.75,0.75,0.06,0.1,0.09
SEO/SEA,Search Console; SEO; Google Ads,Keyword Research; Google Analytics; Search Console; SEO,3,2,Licence,Master,Français (courant); Anglais (débutant),Français (avancé),67.82,0.6666666666666666,0.6666666666666666,1.2,0.375,0.73,0.14,0.06,0.07
Developpeur Web,PHP; Laravel; JavaScript; HTML/CSS; MySQL; Git,Laravel; HTML/CSS; PHP; Canva; Instagram,3,5,Master,Master,Français (avancé); Anglais (avancé),Français (avancé); Anglais (intermédiaire),59.5,0.5,1.0,1.0,0.8333333333333333,0.77,0.06,0.05,0.12
SEO/SEA,SEM; Google Analytics; Google Ads; Search Console; Keyword Research,Search Console; Google Analytics; Keyword Research; Google Ads,4,3,Master,Bac,Français (courant),Français (avancé); Anglais (débutant),75.67,0.8,0.75,0.3333333333333333,0.75,0.8,0.06,0.08,0.06
Social Media Manager,TikTok; Analytics; Instagram; Facebook; Meta Ads,Facebook; LinkedIn; TikTok; Instagram; Meta Ads,1,5,Master,Bac,Anglais (intermédiaire); Français (avancé),Français (courant); Anglais (intermédiaire),82.47,0.8,1.0,0.3333333333333333,1.0,0.71,0.09,0.05,0.15
Graphiste,Typographie; Illustrator; Canva; InDesign; Branding,Aucune information,3,5,Bac,Licence,Français (avancé),Français (avancé),77.6,0.0,1.0,1.2,1.0,0.25,0.55,0.13,0.07
UI/UX Designer,UX Research; Figma; Adobe XD; Illustrator; Prototypage,Photoshop; Illustrator; Figma; Adobe XD; Scrum; ClickUp,3,0,Licence,Licence,Anglais (débutant); Français (courant),Français (avancé),43.25,0.6,0.0,1.0,0.375,0.35,0.39,0.2,0.06
SEO/SEA,SEM; SEO; Google Ads; Keyword Research; Google Analytics,Search Console; Google Ads; SEO; Keyword Research; Google Analytics; SEM,3,0,Licence,Bac,Français (intermédiaire); Anglais (débutant),Français (avancé); Anglais (intermédiaire),27.5,1.0,0.0,0.5,1.0,0.11,0.67,0.11,0.11
UI/UX Designer,Illustrator; Figma; Adobe XD; Photoshop,Illustrator; Figma; Prototypage,4,5,Master,Licence,Anglais (avancé); Français (avancé),Français (intermédiaire),69.83,0.5,1.0,0.6666666666666666,0.3333333333333333,0.41,0.41,0.07,0.11
Data Analyst,Python; Data Visualization; SQL; Pandas,Pandas; Data Visualization; Excel,3,4,Licence,Licence,Français (avancé),Français (courant); Anglais (intermédiaire),70.5,0.5,1.0,1.0,1.0,0.59,0.21,0.1,0.1
Data Analyst,Power BI; SQL; Excel; Pandas; Data Visualization,Data Visualization,2,3,Bac,Master,Français (intermédiaire); Anglais (intermédiaire),Français (courant); Anglais (courant),34.6,0.2,1.0,1.2,1.0,0.83,0.07,0.05,0.05
Developpeur Mobile,Kotlin; Flutter; Git; Firebase; Dart,Flutter; Kotlin; Java; Dart; Firebase,1,4,Master,Licence,Français (intermédiaire),Français (avancé); Anglais (courant),90.8,0.8,1.0,0.6666666666666666,1.0,0.26,0.45,0.12,0.17
Developpeur Web,Git; PHP; MySQL; HTML/CSS; JavaScript,Aucune information,4,3,Bac,Bac,Anglais (avancé),Français (avancé); Anglais (courant),73.5,0.0,0.75,1.0,1.0,0.18,0.34,0.29,0.19
Data Analyst,Excel; Power BI; Data Visualization; Python,SQL; Python,1,1,Master,Master,Français (courant); Anglais (courant),Français (intermédiaire),39.25,0.25,1.0,1.0,0.25,0.7,0.05,0.14,0.11
Data Analyst,Data Visualization; Python; Excel,Aucune information,2,0,Licence,Licence,Anglais (débutant); Français (courant),Français (courant); Anglais (débutant),36.0,0.0,0.0,1.0,1.0,0.36,0.28,0.14,0.22
Developpeur Mobile,Flutter; Kotlin; Dart,Flutter; Firebase; Java; Kotlin; Git,2,3,Licence,Licence,Anglais (débutant); Français (avancé),Français (intermédiaire),90.33,0.6666666666666666,1.0,1.0,0.3333333333333333,0.09,0.7,0.11,0.1
SEO/SEA,SEO; Google Ads; Search Console; SEM,SEM; Google Analytics; SEO; Keyword Research,1,5,Licence,Bac,Anglais (débutant); Français (avancé),Français (intermédiaire); Anglais (avancé),59.17,0.5,1.0,0.5,0.8333333333333333,0.31,0.11,0.47,0.11
SEO/SEA,SEO; Search Console; Google Analytics; SEM; Google Ads; Keyword Research,Search Console; Google Ads; SEM; Keyword Research; Google Analytics; ClickUp; Git,2,0,Master,Master,Français (intermédiaire); Anglais (débutant),Français (intermédiaire),59.17,0.8333333333333334,0.0,1.0,0.5,0.56,0.28,0.09,0.07
Chef de projet digital,Scrum; Agile; ClickUp; Communication; Gestion de projet; Asana,Scrum; Agile; ClickUp,3,7,Bac,Bac,Anglais (courant),Français (avancé),78.5,0.5,1.0,1.0,0.0,0.33,0.57,0.05,0.05
Developpeur Mobile,Kotlin; Flutter; Java; Dart; Firebase; Git,Firebase; Flutter,1,6,Bac,Licence,Français (courant); Anglais (intermédiaire),Français (courant); Anglais (avancé),84.4,0.3333333333333333,1.0,1.2,1.0,0.27,0.41,0.12,0.2
Chef de projet digital,Communication; ClickUp; Agile; Gestion de projet; Asana,Agile; Communication; Scrum; ClickUp; Gestion de projet,1,6,Licence,Bac,Anglais (avancé); Français (avancé),Français (intermédiaire); Anglais (courant),81.37,0.8,1.0,0.5,0.8333333333333333,0.74,0.15,0.06,0.05
Developpeur Mobile,Dart; Git; Kotlin; Firebase; Java; Flutter,Kotlin; Java; Dart,4,0,Bac,Master,Anglais (avancé),Français (intermédiaire),52.4,0.5,0.0,1.2,0.0,0.16,0.36,0.37,0.11
SEO/SEA,Keyword Research; Google Ads; Search Console; Google Analytics; SEO; SEM,Search Console; Google Ads; Google Analytics; Keyword Research,4,2,Master,Licence,Anglais (courant); Français (intermédiaire),Français (intermédiaire),63.5,0.6666666666666666,0.5,0.6666666666666666,0.5,0.76,0.12,0.05,0.07
Content Manager,Analytics; Content Strategy; Copywriting; Canva; WordPress,Analytics; SEO; Copywriting; Canva; WordPress,2,4,Bac,Licence,Anglais (intermédiaire); Français (courant),Français (courant); Anglais (avancé),98.2,0.8,1.0,1.2,1.0,0.15,0.73,0.06,0.06
Data Analyst,Power BI; Python; Pandas; Data Visualization; SQL,SQL; Excel,2,2,Bac,Bac,Français (courant),Français (avancé),82.4,0.2,1.0,1.0,0.75,0.12,0.1,0.46,0.32
Data Analyst,Excel; Power BI; Python,Data Visualization; Python; Power BI; SQL; Excel,2,5,Master,Master,Français (avancé); Anglais (courant),Français (courant); Anglais (courant),100.0,1.0,1.0,1.0,1.0,0.1,0.21,0.31,0.38
Content Manager,SEO; Copywriting; Analytics; Content Strategy; WordPress; Canva,Analytics,4,3,Bac,Bac,Français (intermédiaire),Français (intermédiaire); Anglais (intermédiaire),43.58,0.16666666666666666,0.75,1.0,1.0,0.65,0.09,0.1,0.16
UI/UX Designer,Prototypage; Photoshop; Figma; Adobe XD,Photoshop,4,6,Master,Master,Français (courant),Français (courant); Anglais (intermédiaire),62.5,0.25,1.0,1.0,1.0,0.5,0.23,0.11,0.16
Content Manager,WordPress; Copywriting; SEO; Analytics; Content Strategy,SEO,2,2,Licence,Licence,Français (intermédiaire); Anglais (débutant),Français (courant); Anglais (avancé),59.2,0.2,1.0,1.0,1.0,0.51,0.18,0.19,0.12
Chef de projet digital,Agile; Asana; ClickUp,Asana; ClickUp; Agile; Scrum; Communication,2,4,Master,Bac,Français (avancé),Français (avancé),94.0,1.0,1.0,0.3333333333333333,1.0,0.51,0.13,0.09,0.27
Data Analyst,Power BI; Python; Excel; Data Visualization; Pandas; SQL,Python; SQL; Pandas; Excel; Power BI,1,3,Bac,Master,Français (avancé),Français (intermédiaire),92.4,0.8333333333333334,1.0,1.2,0.6666666666666666,0.46,0.11,0.27,0.16
Developpeur Mobile,Flutter; Git; Firebase; Kotlin,Firebase; Java; Flutter; Kotlin; Git; Dart,1,3,Bac,Master,Français (avancé),Français (avancé); Anglais (intermédiaire),108.8,1.0,1.0,1.2,1.0,0.37,0.08,0.44,0.11
SEO/SEA,Keyword Research; SEO; Search Console,SEO; Google Analytics; Keyword Research; SEM; Facebook,1,3,Master,Master,Anglais (intermédiaire),Français (avancé); Anglais (intermédiaire),96.67,0.6666666666666666,1.0,1.0,1.0,0.1,0.1,0.6,0.2
Graphiste,Typographie; Canva; InDesign; Branding,Branding; Illustrator; Photoshop; Canva; Instagram; Keyword Research,2,4,Licence,Bac,Français (courant),Français (courant),69.5,0.5,1.0,0.5,1.0,0.54,0.2,0.07,0.19
Social Media Manager,LinkedIn; Meta Ads; Instagram; Facebook,Analytics,2,6,Bac,Bac,Français (courant); Anglais (débutant),Français (intermédiaire),73.25,0.0,1.0,1.0,0.25,0.05,0.37,0.29,0.29
Data Analyst,Excel; Python; Data Visualization,Data Visualization,1,1,Bac,Licence,Anglais (débutant); Français (intermédiaire),Français (avancé); Anglais (avancé),87.8,0.3333333333333333,1.0,1.2,1.0,0.24,0.5,0.19,0.07
Chef de projet digital,Asana; Gestion de projet; Communication; ClickUp; Agile; Scrum,Scrum; Communication,3,6,Licence,Licence,Français (avancé),Français (courant),74.0,0.3333333333333333,1.0,1.0,1.0,0.39,0.29,0.24,0.08
Social Media Manager,LinkedIn; Analytics; TikTok; Instagram; Meta Ads; Facebook,Instagram; Meta Ads; Analytics; LinkedIn; Facebook; TikTok,2,6,Master,Master,Anglais (avancé),Français (avancé); Anglais (débutant),92.67,1.0,1.0,1.0,0.3333333333333333,0.19,0.6,0.1,0.11
SEO/SEA,SEO; Keyword Research; Google Analytics; SEM,Google Ads; Keyword Research; Google Analytics; TikTok; HTML/CSS,4,3,Master,Licence,Anglais (débutant),Français (avancé); Anglais (avancé),65.83,0.5,0.75,0.6666666666666666,1.0,0.39,0.36,0.17,0.08
Content Manager,Content Strategy; SEO; Canva; WordPress,WordPress; SEO,2,1,Master,Bac,Anglais (intermédiaire),Français (courant); Anglais (débutant),48.33,0.5,0.5,0.3333333333333333,0.5,0.56,0.16,0.1,0.18
Graphiste,Canva; Typographie; Branding; Photoshop; InDesign,Branding; Typographie; Illustrator; Canva,3,2,Bac,Master,Français (intermédiaire),Français (courant),68.13,0.6,0.6666666666666666,1.2,1.0,0.56,0.32,0.06,0.06
Community Manager,Instagram; Copywriting; Canva; Analytics; TikTok; Facebook,Instagram; Analytics; Facebook,4,2,Master,Bac,Français (courant),Français (intermédiaire); Anglais (courant),48.83,0.5,0.5,0.3333333333333333,0.5,0.78,0.06,0.07,0.09
Content Manager,Analytics; SEO; Canva,Canva; Analytics; SEO; Copywriting; WordPress,3,3,Master,Bac,Anglais (débutant),Français (courant); Anglais (courant),96.0,1.0,1.0,0.3333333333333333,1.0,0.81,0.08,0.06,0.05
Content Manager,SEO; Content Strategy; WordPress; Copywriting,Content Strategy,2,4,Bac,Master,Anglais (avancé),Français (intermédiaire); Anglais (courant),68.75,0.25,1.0,1.2,1.0,0.51,0.09,0.35,0.05
Graphiste,Branding; Canva; Typographie; Photoshop; InDesign; Illustrator,Typographie,2,3,Master,Master,Français (intermédiaire),Français (courant),41.67,0.16666666666666666,1.0,1.0,1.0,0.7,0.06,0.06,0.18
Graphiste,Canva; Illustrator; Photoshop; Typographie; InDesign; Branding,Branding; Typographie; Photoshop,2,4,Master,Master,Français (intermédiaire),Français (avancé),84.0,0.5,1.0,1.0,1.0,0.32,0.23,0.4,0.05
Chef de projet digital,Gestion de projet; Communication; Agile; Asana,Gestion de projet; ClickUp; Scrum; Communication; Asana,4,1,Master,Licence,Anglais (courant); Français (intermédiaire),Français (courant); Anglais (courant),70.67,0.75,0.25,0.6666666666666666,1.0,0.14,0.3,0.1,0.46
Graphiste,InDesign; Branding; Canva,Branding; Photoshop; Typographie; Illustrator,3,5,Bac,Licence,Français (avancé),Français (avancé),62.33,0.3333333333333333,1.0,1.2,1.0,0.58,0.2,0.05,0.17
Developpeur Mobile,Git; Java; Firebase; Dart,Dart; Git; Java; Flutter; Kotlin; Firebase,4,2,Master,Master,Anglais (avancé); Français (avancé),Français (courant); Anglais (intermédiaire),83.5,1.0,0.5,1.0,0.8333333333333333,0.11,0.3,0.5,0.09
UI/UX Designer,UX Research; Adobe XD; Illustrator,Photoshop; Prototypage; Figma; Illustrator; Adobe XD; UX Research,2,6,Bac,Bac,Anglais (débutant),Français (intermédiaire); Anglais (avancé),100.0,1.0,1.0,1.0,1.0,0.45,0.45,0.05,0.05
Developpeur Mobile,Firebase; Dart; Kotlin,Java; Kotlin; Firebase,1,4,Master,Bac,Anglais (courant),Français (intermédiaire),69.0,0.6666666666666666,1.0,0.3333333333333333,0.0,0.36,0.41,0.12,0.11
Chef de projet digital,Agile; Scrum; Asana; Communication; ClickUp; Gestion de projet,Communication,2,1,Master,Licence,Anglais (avancé),Français (avancé),35.83,0.16666666666666666,0.5,0.6666666666666666,0.0,0.34,0.23,0.28,0.15
SEO/SEA,Keyword Research; Google Ads; SEO; Google Analytics; SEM; Search Console,Keyword Research,3,3,Master,Licence,Anglais (intermédiaire); Français (courant),Français (avancé); Anglais (avancé),64.0,0.16666666666666666,1.0,0.6666666666666666,0.875,0.35,0.22,0.07,0.36
SEO/SEA,Keyword Research; SEO; Google Analytics,Keyword Research; SEM; Google Ads,3,6,Bac,Licence,Anglais (courant); Français (avancé),Français (avancé),59.27,0.3333333333333333,1.0,1.2,0.5,0.59,0.06,0.23,0.12
Developpeur Web,PHP; MySQL; HTML/CSS; Laravel; Git; JavaScript,MySQL; Data Visualization; Content Strategy,3,2,Licence,Bac,Français (intermédiaire); Anglais (avancé),Français (courant); Anglais (courant),53.83,0.16666666666666666,0.6666666666666666,0.5,1.0,0.37,0.19,0.18,0.26
Social Media Manager,Instagram; Meta Ads; TikTok; Facebook; LinkedIn,Instagram; TikTok; Analytics; Facebook; Meta Ads,4,6,Master,Master,Français (courant),Français (courant); Anglais (débutant),94.2,0.8,1.0,1.0,1.0,0.29,0.6,0.06,0.05
Developpeur Mobile,Java; Flutter; Kotlin; Dart; Firebase; Git,Java; Firebase; Git; Flutter; Kotlin; Dart,4,3,Master,Licence,Anglais (débutant); Français (intermédiaire),Français (courant),93.58,1.0,0.75,0.6666666666666666,0.5,0.81,0.09,0.05,0.05
Social Media Manager,Analytics; Instagram; LinkedIn; Facebook; Meta Ads; TikTok,Facebook; TikTok; Meta Ads; LinkedIn,1,1,Bac,Master,Anglais (courant),Français (avancé); Anglais (courant),99.0,0.6666666666666666,1.0,1.2,1.0,0.06,0.84,0.05,0.05
Content Manager,Copywriting; SEO; Canva; Content Strategy; WordPress,Canva; SEO,4,4,Master,Master,Anglais (débutant); Français (avancé),Français (courant); Anglais (courant),67.6,0.4,1.0,1.0,1.0,0.54,0.31,0.09,0.06
Community Manager,Copywriting; Canva; Analytics; Facebook,Facebook; Instagram; Canva; Copywriting; Analytics; TikTok,2,2,Master,Licence,Anglais (avancé),Français (courant); Anglais (avancé),98.33,1.0,1.0,0.6666666666666666,1.0,0.82,0.08,0.05,0.05
SEO/SEA,Search Console; Google Ads; SEO,Google Analytics; Search Console; Keyword Research; Google Ads; SEM,2,3,Licence,Bac,Français (intermédiaire); Anglais (débutant),Français (intermédiaire); Anglais (avancé),70.17,0.6666666666666666,1.0,0.5,1.0,0.82,0.08,0.05,0.05
Content Manager,Copywriting; Analytics; Content Strategy; Canva,Copywriting; Canva; SEO; WordPress,4,2,Master,Licence,Français (avancé); Anglais (courant),Français (intermédiaire); Anglais (intermédiaire),54.33,0.5,0.5,0.6666666666666666,0.5833333333333333,0.18,0.44,0.14,0.24
Developpeur Mobile,Dart; Firebase; Kotlin,Git; Firebase,3,4,Licence,Licence,Anglais (courant); Français (intermédiaire),Français (courant); Anglais (avancé),93.29,0.3333333333333333,1.0,1.0,0.875,0.05,0.28,0.4,0.27
Developpeur Web,HTML/CSS; Laravel; MySQL; Git,Search Console,1,0,Bac,Bac,Anglais (intermédiaire),Français (intermédiaire),6.0,0.0,0.0,1.0,0.0,0.84,0.05,0.06,0.05
Developpeur Mobile,Firebase; Java; Dart,Kotlin,1,5,Master,Bac,Anglais (intermédiaire); Français (intermédiaire),Français (courant); Anglais (intermédiaire),20.0,0.0,1.0,0.3333333333333333,1.0,0.76,0.06,0.06,0.12
Developpeur Web,MySQL; Git; JavaScript; HTML/CSS; Laravel,HTML/CSS; JavaScript; Git; MySQL; Laravel,4,3,Bac,Master,Anglais (courant),Français (avancé); Anglais (avancé),98.6,1.0,0.75,1.2,0.75,0.71,0.06,0.13,0.1
Community Manager,Canva; TikTok; Instagram; Analytics; Facebook,Canva; Copywriting; WordPress,1,3,Master,Licence,Anglais (courant),Français (intermédiaire); Anglais (courant),80.27,0.2,1.0,0.6666666666666666,1.0,0.08,0.18,0.4,0.34
Community Manager,Facebook; Copywriting; TikTok; Analytics,Analytics,4,3,Master,Licence,Anglais (avancé); Français (courant),Français (avancé); Anglais (avancé),53.33,0.25,0.75,0.6666666666666666,0.875,0.41,0.1,0.35,0.14
Graphiste,InDesign; Branding; Typographie; Illustrator; Photoshop,Aucune information,1,4,Bac,Licence,Français (courant),Français (avancé),87.65,0.0,1.0,1.2,0.75,0.12,0.56,0.17,0.15
Content Manager,SEO; Copywriting; WordPress; Canva; Content Strategy; Analytics,Canva; WordPress; SEO; Content Strategy; Copywriting,2,2,Bac,Licence,Anglais (débutant); Français (courant),Français (avancé); Anglais (débutant),96.52,0.8333333333333334,1.0,1.2,0.875,0.45,0.17,0.27,0.11
Chef de projet digital,Asana; Agile; Scrum,Scrum,1,4,Licence,Licence,Français (intermédiaire); Anglais (intermédiaire),Français (intermédiaire),69.83,0.3333333333333333,1.0,1.0,0.5,0.37,0.34,0.18,0.11
Graphiste,Canva; Illustrator; Photoshop; Typographie; Branding; InDesign,Illustrator; Photoshop,2,4,Licence,Master,Français (courant),Français (courant),78.47,0.3333333333333333,1.0,1.2,1.0,0.35,0.13,0.09,0.43
Chef de projet digital,Scrum; Asana; Agile; Gestion de projet; ClickUp,Asana,1,6,Bac,Bac,Anglais (avancé); Français (avancé),Français (courant); Anglais (intermédiaire),44.57,0.2,1.0,1.0,0.8333333333333333,0.67,0.13,0.09,0.11
Chef de projet digital,Asana; Agile; Scrum; Gestion de projet,Communication; Scrum,4,1,Bac,Bac,Français (courant); Anglais (intermédiaire),Français (courant); Anglais (avancé),39.25,0.25,0.25,1.0,1.0,0.62,0.19,0.1,0.09
Social Media Manager,Analytics; Instagram; Facebook; TikTok; Meta Ads; LinkedIn,LinkedIn; Meta Ads; TikTok; Analytics; Instagram,2,4,Licence,Licence,Anglais (courant),Français (intermédiaire); Anglais (intermédiaire),75.83,0.8333333333333334,1.0,1.0,0.5,0.28,0.09,0.24,0.39
Content Manager,WordPress; Content Strategy; SEO; Canva,Analytics; Content Strategy; Canva; Copywriting; WordPress; SEO,3,2,Licence,Master,Anglais (courant); Français (courant),Français (avancé); Anglais (débutant),93.87,1.0,0.6666666666666666,1.2,0.5,0.34,0.1,0.36,0.2
Data Analyst,SQL; Pandas; Power BI; Excel; Python; Data Visualization,Data Visualization; Python; Pandas; Power BI,3,3,Licence,Bac,Français (avancé); Anglais (débutant),Français (courant); Anglais (intermédiaire),78.17,0.6666666666666666,1.0,0.5,1.0,0.58,0.31,0.05,0.06
Content Manager,Analytics; Canva; Copywriting; WordPress; SEO; Content Strategy,WordPress; Canva; Analytics; SEO; Copywriting; Content Strategy,1,0,Bac,Master,Anglais (intermédiaire),Français (courant); Anglais (avancé),96.8,1.0,0.0,1.2,1.0,0.67,0.07,0.19,0.07
Developpeur Mobile,Flutter; Dart; Kotlin; Git; Firebase,Kotlin; Dart; Git; Firebase; Agile; Copywriting,4,5,Bac,Licence,Français (avancé),Français (courant),86.4,0.8,1.0,1.2,1.0,0.74,0.11,0.06,0.09
Developpeur Mobile,Dart; Java; Git; Firebase,Firebase; Java,3,2,Master,Licence,Anglais (débutant),Français (intermédiaire); Anglais (avancé),58.5,0.5,0.6666666666666666,0.6666666666666666,1.0,0.73,0.09,0.06,0.12
Social Media Manager,Meta Ads; Analytics; Instagram; LinkedIn,Aucune information,3,2,Licence,Master,Anglais (intermédiaire); Français (intermédiaire),Français (courant); Anglais (débutant),86.37,0.0,0.6666666666666666,1.2,0.75,0.08,0.4,0.46,0.06
Community Manager,TikTok; Instagram; Copywriting,Aucune information,3,1,Bac,Bac,Français (intermédiaire); Anglais (débutant),Français (intermédiaire); Anglais (intermédiaire),26.67,0.0,0.3333333333333333,1.0,1.0,0.68,0.08,0.18,0.06
Graphiste,InDesign; Photoshop; Canva; Typographie; Branding,Canva,1,5,Master,Master,Français (avancé),Français (courant),38.4,0.2,1.0,1.0,1.0,0.77,0.13,0.05,0.05
Developpeur Mobile,Flutter; Java; Git; Kotlin; Firebase,Dart; Java; Flutter; Firebase; Kotlin; Git,3,0,Licence,Licence,Anglais (intermédiaire); Français (intermédiaire),Français (courant); Anglais (débutant),69.5,1.0,0.0,1.0,0.75,0.6,0.29,0.05,0.06
Data Analyst,SQL; Python; Power BI; Data Visualization,SQL,1,7,Bac,Master,Anglais (débutant); Français (intermédiaire),Français (courant),61.6,0.25,1.0,1.2,0.5,0.48,0.08,0.28,0.16
Community Manager,Canva; Copywriting; Analytics,Analytics; Copywriting; Instagram,2,5,Bac,Master,Français (avancé); Anglais (intermédiaire),Français (intermédiaire); Anglais (avancé),93.53,0.6666666666666666,1.0,1.2,0.8333333333333333,0.18,0.33,0.21,0.28
SEO/SEA,Search Console; Keyword Research; SEO; SEM; Google Ads,Keyword Research; SEO,4,1,Licence,Licence,Français (courant); Anglais (courant),Français (intermédiaire); Anglais (intermédiaire),41.7,0.4,0.25,1.0,0.5,0.28,0.4,0.09,0.23
UI/UX Designer,Figma; Adobe XD; Prototypage; Photoshop; Illustrator; UX Research,Adobe XD; Photoshop; Figma; UX Research,1,0,Bac,Licence,Français (avancé),Français (avancé); Anglais (avancé),67.53,0.6666666666666666,0.0,1.2,1.0,0.68,0.11,0.06,0.15
Graphiste,Illustrator; Branding; InDesign; Canva,Branding; Typographie; Photoshop,4,0,Master,Licence,Français (courant),Français (intermédiaire),25.33,0.25,0.0,0.6666666666666666,0.5,0.38,0.32,0.05,0.25
Content Manager,WordPress; Canva; Analytics; Content Strategy; SEO,Analytics; Canva; TikTok,3,5,Master,Bac,Français (courant); Anglais (intermédiaire),Français (avancé),62.05,0.4,1.0,0.3333333333333333,0.375,0.17,0.39,0.06,0.38
Content Manager,SEO; Analytics; Canva,Canva; Analytics,1,0,Bac,Licence,Anglais (courant),Français (avancé),52.8,0.6666666666666666,0.0,1.2,0.0,0.45,0.16,0.19,0.2
Community Manager,Copywriting; TikTok; Facebook; Analytics,Instagram,3,3,Licence,Master,Anglais (intermédiaire),Français (avancé); Anglais (avancé),20.0,0.0,1.0,1.2,1.0,0.81,0.08,0.05,0.06
Content Manager,Canva; SEO; Content Strategy; Analytics,Analytics; Scrum; Power BI,3,1,Master,Bac,Anglais (avancé); Français (avancé),Français (avancé); Anglais (avancé),38.5,0.25,0.3333333333333333,0.3333333333333333,1.0,0.26,0.58,0.05,0.11
UI/UX Designer,Adobe XD; Prototypage; UX Research; Illustrator; Figma; Photoshop,Photoshop; Illustrator; Prototypage; Adobe XD; UX Research; Figma,2,0,Licence,Bac,Français (courant),Français (courant); Anglais (débutant),68.0,1.0,0.0,0.5,1.0,0.4,0.28,0.08,0.24
Community Manager,Copywriting; Instagram; Analytics; TikTok,Copywriting,1,3,Licence,Master,Anglais (avancé),Français (avancé); Anglais (intermédiaire),88.78,0.25,1.0,1.2,0.6666666666666666,0.17,0.46,0.26,0.11
SEO/SEA,SEM; Google Ads; Keyword Research; SEO; Google Analytics; Search Console,Search Console; Google Ads; Keyword Research; SEO; Google Analytics,4,3,Bac,Master,Anglais (intermédiaire); Français (intermédiaire),Français (intermédiaire); Anglais (intermédiaire),84.48,0.8333333333333334,0.75,1.2,1.0,0.46,0.37,0.07,0.1
Chef de projet digital,ClickUp; Communication; Agile; Asana,Agile; ClickUp; Gestion de projet; Communication,4,3,Master,Master,Anglais (avancé); Français (courant),Français (avancé); Anglais (courant),78.5,0.75,0.75,1.0,0.875,0.48,0.34,0.1,0.08
SEO/SEA,Google Ads; Google Analytics; SEM,Google Analytics; Keyword Research; SEO,4,1,Licence,Licence,Anglais (avancé); Français (courant),Français (courant),40.08,0.3333333333333333,0.25,1.0,0.5,0.43,0.37,0.13,0.07
Data Analyst,SQL; Pandas; Data Visualization,Power BI,4,3,Licence,Licence,Anglais (avancé); Français (intermédiaire),Français (intermédiaire); Anglais (débutant),53.75,0.0,0.75,1.0,0.6666666666666666,0.3,0.57,0.07,0.06
UI/UX Designer,Figma; UX Research; Illustrator,Illustrator; Figma; Adobe XD; UX Research,3,5,Bac,Bac,Français (intermédiaire); Anglais (intermédiaire),Français (avancé); Anglais (débutant),98.75,1.0,1.0,1.0,0.75,0.82,0.08,0.05,0.05
Developpeur Web,MySQL; HTML/CSS; Git; Laravel; PHP; JavaScript,Aucune information,2,6,Bac,Licence,Anglais (intermédiaire),Français (intermédiaire); Anglais (intermédiaire),47.6,0.0,1.0,1.2,1.0,0.54,0.14,0.08,0.24
Chef de projet digital,Scrum; Gestion de projet; ClickUp; Communication,Gestion de projet,4,8,Licence,Bac,Français (courant),Français (intermédiaire); Anglais (débutant),33.5,0.25,1.0,0.5,0.5,0.82,0.08,0.05,0.05
Social Media Manager,Instagram; Facebook; TikTok,Instagram; Analytics; TikTok,3,5,Bac,Master,Français (intermédiaire),Français (avancé); Anglais (courant),87.2,0.6666666666666666,1.0,1.2,1.0,0.42,0.46,0.06,0.06
Chef de projet digital,Agile; Communication; Asana; Scrum; ClickUp,Scrum; Agile; Asana,4,6,Bac,Master,Français (intermédiaire); Anglais (intermédiaire),Français (courant); Anglais (débutant),82.1,0.6,1.0,1.2,0.75,0.47,0.26,0.17,0.1
Developpeur Web,JavaScript; HTML/CSS; PHP,JavaScript; HTML/CSS,4,2,Master,Bac,Anglais (courant); Français (intermédiaire),Français (courant); Anglais (avancé),63.21,0.6666666666666666,0.5,0.3333333333333333,0.875,0.74,0.15,0.06,0.05
Chef de projet digital,Scrum; Gestion de projet; Communication; Asana; ClickUp; Agile,Agile; Scrum; ClickUp; Gestion de projet; Communication,1,8,Bac,Master,Anglais (débutant),Français (avancé); Anglais (avancé),97.93,0.8333333333333334,1.0,1.2,1.0,0.34,0.27,0.18,0.21
Community Manager,Facebook; TikTok; Copywriting; Canva; Instagram,Copywriting; Analytics; Facebook; Canva; TikTok,1,2,Bac,Master,Anglais (débutant); Français (intermédiaire),Français (courant); Anglais (intermédiaire),99.2,0.8,1.0,1.2,1.0,0.18,0.36,0.14,0.32
Developpeur Web,Git; Laravel; HTML/CSS; MySQL,HTML/CSS; MySQL; PHP; Git,3,2,Licence,Licence,Français (intermédiaire); Anglais (avancé),Français (avancé); Anglais (intermédiaire),75.92,0.75,0.6666666666666666,1.0,0.8333333333333333,0.73,0.13,0.05,0.09
Developpeur Web,Git; JavaScript; Laravel; MySQL; HTML/CSS,MySQL; PHP; HTML/CSS; Laravel; JavaScript,2,1,Master,Licence,Anglais (débutant),Français (avancé); Anglais (courant),64.43,0.8,0.5,0.6666666666666666,1.0,0.07,0.43,0.38,0.12
Data Analyst,SQL; Python; Excel; Pandas; Power BI,SQL; Data Visualization; Excel; Pandas,1,4,Licence,Licence,Anglais (courant),Français (avancé); Anglais (avancé),71.7,0.6,1.0,1.0,0.75,0.67,0.12,0.15,0.06
Data Analyst,SQL; Python; Power BI; Data Visualization,Power BI; Python; Communication; Illustrator,1,0,Bac,Master,Français (courant); Anglais (courant),Français (intermédiaire),41.6,0.5,0.0,1.2,0.25,0.26,0.28,0.18,0.28
Graphiste,InDesign; Typographie; Branding; Illustrator,Photoshop; Typographie,1,4,Licence,Master,Français (avancé),Français (courant),101.9,0.25,1.0,1.2,1.0,0.06,0.46,0.32,0.16
Data Analyst,Pandas; Excel; Data Visualization; Python; SQL,Excel; Pandas; Power BI; Python; Scrum,2,0,Bac,Bac,Anglais (avancé),Français (avancé); Anglais (courant),70.8,0.6,0.0,1.0,1.0,0.53,0.08,0.28,0.11
SEO/SEA,Search Console; Keyword Research; SEM; Google Analytics,SEM; Keyword Research; Google Ads; SEO; Search Console; Google Analytics,3,5,Licence,Master,Français (intermédiaire); Anglais (intermédiaire),Français (avancé),96.2,1.0,1.0,1.2,0.5,0.76,0.08,0.06,0.1
Graphiste,Illustrator; Branding; InDesign; Typographie,Canva; Photoshop; Branding,4,2,Bac,Licence,Français (avancé),Français (intermédiaire),59.13,0.25,0.5,1.2,0.6666666666666666,0.28,0.36,0.19,0.17
UI/UX Designer,Photoshop; Prototypage; Adobe XD; UX Research; Figma,UX Research; Figma; Photoshop; Illustrator,4,4,Master,Licence,Anglais (débutant),Français (avancé); Anglais (courant),74.8,0.6,1.0,0.6666666666666666,1.0,0.53,0.29,0.12,0.06
UI/UX Designer,Illustrator; Figma; Photoshop; Prototypage; Adobe XD; UX Research,UX Research; Figma; Illustrator; Prototypage; Adobe XD,3,0,Master,Licence,Français (courant),Français (courant); Anglais (débutant),40.67,0.8333333333333334,0.0,0.6666666666666666,1.0,0.18,0.46,0.31,0.05
Content Manager,Analytics; Content Strategy; Canva,SEO,3,6,Licence,Master,Français (intermédiaire),Français (courant),74.0,0.0,1.0,1.2,1.0,0.28,0.52,0.1,0.1
UI/UX Designer,Prototypage; Photoshop; Illustrator; UX Research; Adobe XD; Figma,UX Research; Photoshop; Figma,2,4,Master,Master,Anglais (intermédiaire); Français (courant),Français (courant); Anglais (courant),67.5,0.5,1.0,1.0,1.0,0.65,0.14,0.14,0.07
Community Manager,TikTok; Copywriting; Facebook,Facebook; Instagram; Canva; TikTok; Copywriting; Analytics,1,3,Master,Licence,Français (avancé); Anglais (avancé),Français (avancé); Anglais (avancé),84.67,1.0,1.0,0.6666666666666666,1.0,0.06,0.1,0.46,0.38
UI/UX Designer,Adobe XD; UX Research; Illustrator; Prototypage; Photoshop; Figma,Aucune information,3,1,Master,Master,Français (intermédiaire),Français (courant),20.67,0.0,0.3333333333333333,1.0,1.0,0.76,0.05,0.06,0.13
Developpeur Mobile,Kotlin; Git; Java; Firebase,Git; Java; Kotlin; Dart,4,1,Master,Licence,Anglais (courant),Français (courant); Anglais (avancé),60.08,0.75,0.25,0.6666666666666666,0.75,0.6,0.29,0.05,0.06
Graphiste,Canva; Branding; InDesign; Photoshop; Typographie,Canva; Photoshop; Illustrator; InDesign,4,6,Master,Licence,Français (avancé),Français (courant),67.53,0.6,1.0,0.6666666666666666,1.0,0.77,0.08,0.05,0.1
Developpeur Mobile,Dart; Git; Flutter,Flutter; Git; Java; Firebase,3,4,Master,Master,Anglais (courant),Français (intermédiaire); Anglais (intermédiaire),69.83,0.6666666666666666,1.0,1.0,0.5,0.23,0.22,0.1,0.45
Community Manager,Instagram; Facebook; TikTok; Canva; Analytics,TikTok; Copywriting; Facebook; Instagram; Analytics; JavaScript,1,2,Master,Licence,Français (courant); Anglais (avancé),Français (intermédiaire); Anglais (avancé),80.97,0.8,1.0,0.6666666666666666,0.75,0.66,0.14,0.1,0.1
Community Manager,Analytics; Facebook; Instagram,Analytics; Instagram,2,6,Master,Master,Anglais (courant); Français (courant),Français (avancé),68.67,0.6666666666666666,1.0,1.0,0.375,0.79,0.06,0.07,0.08
UI/UX Designer,Illustrator; UX Research; Prototypage; Figma,UX Research; Photoshop; Figma; Prototypage,4,6,Master,Bac,Français (intermédiaire),Français (intermédiaire); Anglais (courant),80.17,0.75,1.0,0.3333333333333333,1.0,0.66,0.15,0.05,0.14
Chef de projet digital,ClickUp; Gestion de projet; Scrum; Communication; Asana,Aucune information,4,7,Licence,Licence,Anglais (avancé),Français (courant),70.0,0.0,1.0,1.0,0.0,0.18,0.34,0.36,0.12
Developpeur Web,JavaScript; MySQL; Git,HTML/CSS; JavaScript,3,6,Licence,Master,Anglais (avancé); Français (avancé),Français (avancé),77.03,0.3333333333333333,1.0,1.2,0.5,0.37,0.09,0.41,0.13
Graphiste,Typographie; Illustrator; InDesign; Canva; Photoshop,Aucune information,1,5,Bac,Licence,Français (courant),Français (avancé),43.1,0.0,1.0,1.2,0.75,0.58,0.23,0.13,0.06
Community Manager,Instagram; Facebook; Copywriting; TikTok; Canva,Facebook; Analytics; Instagram; Canva; Copywriting,1,5,Master,Bac,Français (courant),Français (intermédiaire); Anglais (avancé),59.83,0.8,1.0,0.3333333333333333,0.5,0.15,0.27,0.49,0.09
Developpeur Mobile,Firebase; Git; Kotlin; Dart; Flutter; Java,Aucune information,3,6,Bac,Licence,Anglais (intermédiaire); Français (courant),Français (avancé); Anglais (intermédiaire),52.7,0.0,1.0,1.2,0.875,0.46,0.15,0.11,0.28
Graphiste,Illustrator; Canva; Photoshop; Branding; Typographie; InDesign,Pandas; Prototypage,1,6,Licence,Licence,Français (intermédiaire),Français (avancé),44.0,0.0,1.0,1.0,1.0,0.56,0.28,0.11,0.05
Chef de projet digital,Communication; Agile; Gestion de projet; Asana,Gestion de projet; Agile; ClickUp,4,6,Licence,Master,Anglais (avancé),Français (avancé),59.5,0.5,1.0,1.2,0.0,0.67,0.08,0.15,0.1
Graphiste,Canva; Typographie; Photoshop,Aucune information,3,5,Licence,Bac,Français (intermédiaire),Français (intermédiaire),30.0,0.0,1.0,0.5,1.0,0.59,0.13,0.22,0.06
Social Media Manager,LinkedIn; TikTok; Instagram,Instagram; TikTok; LinkedIn; Facebook; Analytics,2,5,Master,Licence,Anglais (débutant),Français (avancé),93.33,1.0,1.0,0.6666666666666666,0.0,0.83,0.07,0.05,0.05
Graphiste,Typographie; Branding; Illustrator,Branding; Canva; Photoshop,4,2,Licence,Master,Français (avancé),Français (intermédiaire),42.87,0.3333333333333333,0.5,1.2,0.6666666666666666,0.74,0.14,0.06,0.06
Developpeur Mobile,Kotlin; Java; Git; Firebase,Aucune information,2,3,Master,Master,Français (avancé),Français (intermédiaire); Anglais (courant),74.67,0.0,1.0,1.0,0.6666666666666666,0.14,0.08,0.44,0.34
Graphiste,Photoshop; Illustrator; Typographie; Branding,Photoshop; Typographie; Canva; InDesign; Branding; Illustrator,1,3,Licence,Licence,Français (courant),Français (intermédiaire),87.5,1.0,1.0,1.0,0.5,0.11,0.44,0.2,0.25
Developpeur Mobile,Firebase; Dart; Flutter; Kotlin,Dart; Git; Search Console,2,1,Licence,Licence,Français (courant),Français (courant); Anglais (débutant),64.25,0.25,0.5,1.0,1.0,0.31,0.25,0.36,0.08
UI/UX Designer,UX Research; Prototypage; Illustrator,Aucune information,2,5,Bac,Master,Français (intermédiaire); Anglais (courant),Français (intermédiaire); Anglais (débutant),62.25,0.0,1.0,1.2,0.625,0.29,0.4,0.05,0.26
Chef de projet digital,Scrum; Communication; Asana; ClickUp,Communication; Agile; Scrum; Asana,4,1,Licence,Master,Français (courant),Français (avancé),76.95,0.75,0.25,1.2,0.75,0.59,0.15,0.21,0.05
SEO/SEA,Keyword Research; Google Ads; Search Console,Keyword Research; Search Console; Google Ads; SEM; SEO; Google Analytics,1,6,Master,Bac,Anglais (intermédiaire),Français (avancé),60.67,1.0,1.0,0.3333333333333333,0.0,0.23,0.31,0.2,0.26
UI/UX Designer,UX Research; Figma; Prototypage; Photoshop,Photoshop; Prototypage,3,6,Licence,Licence,Anglais (intermédiaire),Français (courant); Anglais (avancé),92.5,0.5,1.0,1.0,1.0,0.15,0.58,0.17,0.1
Data Analyst,SQL; Python; Power BI; Excel,Pandas; Excel; Power BI; Python,1,5,Bac,Bac,Anglais (intermédiaire),Français (intermédiaire),79.5,0.75,1.0,1.0,0.0,0.54,0.15,0.24,0.07
Developpeur Mobile,Kotlin; Git; Dart; Java,Dart; Kotlin; Git; Photoshop,2,3,Bac,Master,Anglais (intermédiaire); Français (avancé),Français (avancé); Anglais (intermédiaire),106.1,0.75,1.0,1.2,1.0,0.06,0.37,0.38,0.19
Graphiste,Illustrator; Photoshop; Branding; Typographie; Canva,InDesign; Asana,1,1,Licence,Master,Français (intermédiaire),Français (intermédiaire),37.0,0.0,1.0,1.2,1.0,0.64,0.19,0.05,0.12
UI/UX Designer,Figma; Illustrator; Prototypage; UX Research,Adobe XD; UX Research; Photoshop; Prototypage; Figma,4,4,Licence,Bac,Français (intermédiaire); Anglais (intermédiaire),Français (courant),74.75,0.75,1.0,0.5,0.5,0.77,0.11,0.06,0.06
Developpeur Web,Git; JavaScript; PHP,Git; Laravel; PHP,4,0,Master,Master,Anglais (intermédiaire); Français (avancé),Français (intermédiaire),67.33,0.6666666666666666,0.0,1.0,0.3333333333333333,0.23,0.13,0.46,0.18
Social Media Manager,Instagram; Facebook; Meta Ads; Analytics; TikTok,Instagram; LinkedIn; Analytics,2,2,Master,Master,Français (courant); Anglais (intermédiaire),Français (courant); Anglais (débutant),47.75,0.4,1.0,1.0,0.75,0.85,0.05,0.05,0.05
Developpeur Mobile,Kotlin; Firebase; Flutter; Dart; Java; Git,Flutter; Java; Firebase; Kotlin; Git,2,3,Master,Master,Anglais (avancé),Français (courant); Anglais (débutant),79.33,0.8333333333333334,1.0,1.0,0.3333333333333333,0.76,0.07,0.05,0.12
Data Analyst,Pandas; SQL; Data Visualization,Pandas; SQL; Data Visualization; Power BI; Excel,3,6,Bac,Licence,Anglais (avancé),Français (intermédiaire); Anglais (avancé),102.4,1.0,1.0,1.2,1.0,0.25,0.16,0.12,0.47
Chef de projet digital,Gestion de projet; Communication; Agile; Scrum; Asana; ClickUp,Agile; Communication; ClickUp,3,4,Master,Bac,Français (avancé),Français (avancé); Anglais (avancé),57.5,0.5,1.0,0.3333333333333333,1.0,0.37,0.09,0.36,0.18
UI/UX Designer,Adobe XD; UX Research; Figma; Prototypage; Photoshop; Illustrator,Adobe XD; Figma,4,6,Licence,Master,Anglais (courant); Français (avancé),Français (intermédiaire); Anglais (intermédiaire),63.53,0.3333333333333333,1.0,1.2,0.5833333333333333,0.37,0.11,0.16,0.36
Social Media Manager,LinkedIn; Meta Ads; Analytics; Instagram; TikTok,LinkedIn,2,2,Licence,Bac,Anglais (intermédiaire),Français (courant); Anglais (intermédiaire),37.6,0.2,1.0,0.5,1.0,0.73,0.14,0.08,0.05
UI/UX Designer,UX Research; Prototypage; Photoshop; Figma,Figma; Agile,2,1,Master,Licence,Français (courant),Français (courant); Anglais (courant),57.5,0.25,0.5,0.6666666666666666,1.0,0.14,0.56,0.12,0.18
Data Analyst,Data Visualization; Excel; Pandas,Aucune information,2,6,Licence,Licence,Français (avancé); Anglais (intermédiaire),Français (avancé),39.5,0.0,1.0,1.0,0.5,0.51,0.11,0.19,0.19
Social Media Manager,Facebook; Meta Ads; TikTok; LinkedIn,Analytics; Facebook,3,0,Licence,Bac,Français (avancé); Anglais (intermédiaire),Français (avancé),33.75,0.25,0.0,0.5,0.5,0.37,0.14,0.15,0.34
Developpeur Web,JavaScript; Laravel; Git; HTML/CSS; PHP; MySQL,MySQL; Laravel; PHP; Git; JavaScript; HTML/CSS,1,3,Master,Bac,Français (courant),Français (intermédiaire); Anglais (courant),64.17,1.0,1.0,0.3333333333333333,0.5,0.28,0.08,0.23,0.41
Data Analyst,Data Visualization; Excel; Power BI,Python; Excel,2,4,Master,Licence,Anglais (avancé); Français (intermédiaire),Français (courant),54.83,0.3333333333333333,1.0,0.6666666666666666,0.5,0.5,0.23,0.1,0.17
Chef de projet digital,ClickUp; Asana; Scrum; Gestion de projet; Communication; Agile,Asana,2,8,Master,Licence,Français (courant),Français (courant); Anglais (avancé),50.33,0.16666666666666666,1.0,0.6666666666666666,1.0,0.52,0.12,0.19,0.17
SEO/SEA,SEO; SEM; Google Analytics,SEM,4,3,Bac,Bac,Français (courant); Anglais (intermédiaire),Français (intermédiaire),56.83,0.3333333333333333,0.75,1.0,0.25,0.19,0.5,0.07,0.24
Content Manager,Canva; Content Strategy; Analytics; WordPress; Copywriting,Aucune information,1,2,Bac,Licence,Anglais (avancé); Français (intermédiaire),Français (courant); Anglais (débutant),19.33,0.0,1.0,1.2,0.6666666666666666,0.8,0.1,0.05,0.05
Developpeur Mobile,Git; Flutter; Firebase; Kotlin; Dart,Kotlin; Java; Flutter; Dart,4,1,Licence,Licence,Français (avancé); Anglais (débutant),Français (intermédiaire); Anglais (débutant),55.82,0.6,0.25,1.0,0.8333333333333333,0.69,0.21,0.05,0.05
UI/UX Designer,Photoshop; UX Research; Illustrator,Adobe XD; UX Research; Figma; Photoshop,3,4,Bac,Licence,Anglais (intermédiaire); Français (intermédiaire),Français (courant),91.77,0.6666666666666666,1.0,1.2,0.5,0.22,0.65,0.08,0.05
Social Media Manager,Meta Ads; Analytics; TikTok,LinkedIn; Analytics,2,1,Bac,Bac,Anglais (intermédiaire),Français (courant); Anglais (courant),49.5,0.3333333333333333,0.5,1.0,1.0,0.42,0.45,0.08,0.05
Graphiste,Canva; Typographie; Photoshop,InDesign; Typographie; Asana,1,4,Bac,Licence,Français (avancé),Français (courant),67.6,0.3333333333333333,1.0,1.2,1.0,0.51,0.36,0.08,0.05
Community Manager,Analytics; Facebook; Instagram,Instagram; Analytics,2,3,Master,Master,Français (intermédiaire),Français (avancé),77.0,0.6666666666666666,1.0,1.0,1.0,0.69,0.06,0.12,0.13
Developpeur Web,Git; PHP; Laravel; JavaScript; MySQL; HTML/CSS,HTML/CSS; PHP,4,6,Bac,Bac,Français (avancé); Anglais (courant),Français (avancé),57.83,0.3333333333333333,1.0,1.0,0.5,0.25,0.19,0.05,0.51
Graphiste,Typographie; InDesign; Photoshop; Canva,Illustrator; Branding,2,4,Master,Bac,Français (courant),Français (courant),20.33,0.0,1.0,0.3333333333333333,1.0,0.75,0.13,0.07,0.05
Developpeur Mobile,Java; Flutter; Dart,Flutter; Dart; Git; Java; Kotlin,2,0,Licence,Bac,Français (avancé),Français (courant),87.0,1.0,0.0,0.5,1.0,0.62,0.05,0.16,0.17
Graphiste,Canva; Photoshop; InDesign; Branding,InDesign; Typographie; Photoshop; Canva; Illustrator; Branding; Analytics,4,4,Bac,Master,Français (intermédiaire),Français (avancé),101.0,1.0,1.0,1.2,1.0,0.61,0.29,0.05,0.05
Chef de projet digital,Gestion de projet; ClickUp; Asana; Scrum,Aucune information,2,7,Bac,Master,Anglais (intermédiaire); Français (avancé),Français (courant); Anglais (débutant),17.75,0.0,1.0,1.2,0.75,0.82,0.08,0.05,0.05
Developpeur Mobile,Dart; Git; Java,Dart; Firebase; Adobe XD,1,1,Master,Licence,Français (intermédiaire),Français (avancé),51.0,0.3333333333333333,1.0,0.6666666666666666,1.0,0.71,0.18,0.05,0.06
Content Manager,Analytics; Canva; Copywriting; SEO; Content Strategy,Instagram,4,1,Master,Master,Français (intermédiaire); Anglais (avancé),Français (avancé),12.25,0.0,0.25,1.0,0.5,0.8,0.07,0.08,0.05
Developpeur Web,Git; PHP; Laravel,JavaScript; PHP; HTML/CSS; MySQL,4,6,Master,Licence,Français (intermédiaire); Anglais (courant),Français (avancé),44.83,0.3333333333333333,1.0,0.6666666666666666,0.5,0.58,0.06,0.09,0.27
Chef de projet digital,Gestion de projet; Asana; Communication; ClickUp; Agile; Scrum,ClickUp; Communication; Gestion de projet; Agile; Asana; Scrum,4,4,Bac,Master,Anglais (courant); Français (courant),Français (avancé); Anglais (avancé),99.35,1.0,1.0,1.2,0.75,0.75,0.08,0.08,0.09
Community Manager,Canva; Facebook; Analytics; TikTok; Instagram; Copywriting,Canva; Copywriting,2,4,Master,Master,Anglais (intermédiaire),Français (avancé); Anglais (courant),61.33,0.3333333333333333,1.0,1.0,1.0,0.58,0.18,0.13,0.11
Developpeur Web,JavaScript; PHP; Laravel,PHP; Git; MySQL,3,3,Licence,Licence,Anglais (débutant),Français (intermédiaire); Anglais (courant),59.33,0.3333333333333333,1.0,1.0,1.0,0.61,0.09,0.08,0.22
Graphiste,Branding; Photoshop; Typographie; Illustrator; Canva,Aucune information,3,6,Bac,Licence,Français (avancé),Français (intermédiaire),20.07,0.0,1.0,1.2,0.6666666666666666,0.79,0.07,0.07,0.07
SEO/SEA,SEO; SEM; Search Console; Google Ads; Google Analytics,Aucune information,4,1,Licence,Licence,Anglais (avancé),Français (avancé); Anglais (intermédiaire),23.92,0.0,0.25,1.0,0.6666666666666666,0.68,0.05,0.14,0.13
Content Manager,Copywriting; Canva; SEO; Content Strategy; WordPress,Canva; SEO; WordPress; Copywriting,2,0,Licence,Master,Français (intermédiaire); Anglais (débutant),Français (avancé); Anglais (débutant),75.0,0.8,0.0,1.2,1.0,0.8,0.1,0.05,0.05
Data Analyst,Power BI; SQL; Excel; Python; Pandas; Data Visualization,Excel; Pandas; Power BI,4,2,Master,Bac,Français (avancé); Anglais (avancé),Français (courant); Anglais (débutant),44.17,0.5,0.5,0.3333333333333333,0.6666666666666666,0.18,0.17,0.5,0.15
UI/UX Designer,Adobe XD; Illustrator; Photoshop; Prototypage; UX Research; Figma,UX Research,2,2,Licence,Licence,Français (intermédiaire); Anglais (intermédiaire),Français (intermédiaire); Anglais (avancé),80.83,0.16666666666666666,1.0,1.0,1.0,0.23,0.66,0.05,0.06
Graphiste,InDesign; Typographie; Illustrator; Canva; Photoshop; Branding,Analytics,2,3,Bac,Master,Français (courant),Français (intermédiaire),30.7,0.0,1.0,1.2,0.5,0.62,0.15,0.06,0.17
Developpeur Web,Laravel; MySQL; HTML/CSS; PHP,Git; PHP; JavaScript; HTML/CSS; Laravel,3,6,Licence,Bac,Français (avancé),Français (courant),91.25,0.75,1.0,0.5,1.0,0.19,0.22,0.08,0.51
Social Media Manager,LinkedIn; Instagram; Meta Ads,Facebook; Instagram; Analytics,1,2,Master,Licence,Anglais (courant),Français (courant),16.67,0.3333333333333333,1.0,0.6666666666666666,0.0,0.13,0.09,0.05,0.73
Graphiste,Illustrator; Typographie; Photoshop; Canva; InDesign; Branding,Branding; InDesign; Photoshop,4,3,Licence,Licence,Français (avancé),Français (courant),60.5,0.5,0.75,1.0,1.0,0.74,0.1,0.09,0.07
UI/UX Designer,Illustrator; Photoshop; Prototypage; Figma; UX Research,Illustrator; Photoshop; Prototypage; UX Research,1,6,Master,Licence,Anglais (avancé),Français (avancé); Anglais (intermédiaire),73.2,0.8,1.0,0.6666666666666666,0.6666666666666666,0.14,0.14,0.28,0.44
Community Manager,Facebook; Instagram; TikTok; Analytics; Canva,Facebook; Canva,4,3,Master,Licence,Anglais (avancé); Français (intermédiaire),Français (courant),61.78,0.4,0.75,0.6666666666666666,0.5,0.13,0.07,0.68,0.12
UI/UX Designer,Prototypage; Figma; Photoshop; Adobe XD; Illustrator,UX Research; Adobe XD; Illustrator; Photoshop; Figma,4,5,Master,Licence,Français (intermédiaire),Français (courant); Anglais (débutant),86.73,0.8,1.0,0.6666666666666666,1.0,0.53,0.05,0.08,0.34
UI/UX Designer,Prototypage; Adobe XD; Illustrator; UX Research,UX Research,4,2,Licence,Licence,Anglais (intermédiaire),Français (avancé); Anglais (courant),85.75,0.25,0.5,1.0,1.0,0.09,0.15,0.45,0.31
UI/UX Designer,Illustrator; Prototypage; Adobe XD; Figma; Photoshop; UX Research,Adobe XD; Figma; Illustrator; Photoshop; UX Research,1,1,Licence,Bac,Anglais (débutant),Français (intermédiaire),78.67,0.8333333333333334,1.0,0.5,0.0,0.77,0.11,0.07,0.05
Developpeur Mobile,Kotlin; Java; Git,Dart; Kotlin; Firebase; Java; Git,4,3,Master,Bac,Français (avancé); Anglais (courant),Français (avancé); Anglais (intermédiaire),61.25,1.0,0.75,0.3333333333333333,0.75,0.05,0.47,0.36,0.12
Graphiste,Illustrator; Canva; Typographie; Photoshop; Branding; InDesign,Branding; Canva; Firebase,2,6,Master,Licence,Français (courant),Français (intermédiaire),49.33,0.3333333333333333,1.0,0.6666666666666666,0.5,0.66,0.19,0.05,0.1
Graphiste,Typographie; Canva; InDesign; Photoshop; Branding; Illustrator,Branding; Typographie,1,6,Licence,Bac,Français (avancé),Français (avancé),66.17,0.3333333333333333,1.0,0.5,1.0,0.35,0.27,0.21,0.17
Data Analyst,Excel; Power BI; Data Visualization; Python; Pandas; SQL,Python,3,6,Bac,Bac,Anglais (avancé); Français (avancé),Français (intermédiaire); Anglais (avancé),44.0,0.16666666666666666,1.0,1.0,0.8333333333333333,0.66,0.14,0.14,0.06
UI/UX Designer,Photoshop; UX Research; Illustrator; Adobe XD; Prototypage; Figma,Illustrator; Adobe XD; UX Research; Figma; Photoshop,3,1,Licence,Bac,Anglais (courant),Français (courant); Anglais (avancé),63.08,0.8333333333333334,0.3333333333333333,0.5,0.75,0.11,0.14,0.28,0.47
Chef de projet digital,Agile; ClickUp; Communication; Scrum; Asana; Gestion de projet,Aucune information,4,3,Licence,Licence,Français (intermédiaire),Français (intermédiaire); Anglais (intermédiaire),64.75,0.0,0.75,1.0,1.0,0.25,0.41,0.27,0.07
Data Analyst,Pandas; Data Visualization; SQL; Excel; Python,Power BI; Python; Excel; Pandas; SQL; Data Visualization,2,1,Licence,Licence,Français (avancé),Français (courant); Anglais (avancé),92.0,1.0,0.5,1.0,1.0,0.68,0.16,0.11,0.05
Chef de projet digital,Communication; Asana; Agile; Scrum; ClickUp; Gestion de projet,Agile; Asana; Gestion de projet; Communication; ClickUp; Scrum; Kotlin,3,3,Master,Licence,Français (intermédiaire),Français (avancé); Anglais (avancé),91.67,1.0,1.0,0.6666666666666666,1.0,0.2,0.49,0.25,0.06
SEO/SEA,Google Analytics; Google Ads; SEO; Keyword Research; Search Console; SEM,SEO; Google Analytics; Google Ads; SEM; Keyword Research,3,3,Master,Licence,Anglais (avancé),Français (avancé); Anglais (courant),86.5,0.8333333333333334,1.0,0.6666666666666666,1.0,0.13,0.22,0.34,0.31
SEO/SEA,Keyword Research; Google Ads; SEM; Google Analytics; Search Console,Search Console; Google Ads; SEM; Google Analytics; SEO,1,3,Bac,Bac,Anglais (avancé); Français (courant),Français (intermédiaire),81.85,0.8,1.0,1.0,0.25,0.72,0.15,0.08,0.05
UI/UX Designer,UX Research; Photoshop; Adobe XD; Prototypage,Aucune information,4,4,Licence,Licence,Français (courant),Français (avancé); Anglais (débutant),28.5,0.0,1.0,1.0,0.75,0.68,0.07,0.11,0.14
Content Manager,Copywriting; Analytics; WordPress; Content Strategy; Canva,Canva; WordPress; Content Strategy; SEO; Copywriting; Analytics,1,3,Master,Master,Français (avancé); Anglais (débutant),Français (courant); Anglais (avancé),100.0,1.0,1.0,1.0,1.0,0.69,0.06,0.17,0.08
UI/UX Designer,Adobe XD; Figma; Photoshop; Illustrator,Figma; UX Research; Adobe XD,1,3,Licence,Master,Français (avancé),Français (avancé); Anglais (courant),92.0,0.5,1.0,1.2,1.0,0.18,0.65,0.05,0.12
Chef de projet digital,Gestion de projet; Communication; Asana; ClickUp; Scrum,Aucune information,3,3,Bac,Bac,Français (intermédiaire),Français (avancé); Anglais (avancé),17.0,0.0,1.0,1.0,1.0,0.83,0.06,0.05,0.06
Graphiste,Typographie; Branding; Illustrator; Photoshop; Canva; InDesign,Aucune information,2,5,Licence,Master,Français (courant),Français (avancé),37.85,0.0,1.0,1.2,0.75,0.61,0.2,0.08,0.11
Chef de projet digital,ClickUp; Gestion de projet; Scrum,Canva; TikTok,2,7,Licence,Master,Français (courant); Anglais (intermédiaire),Français (avancé); Anglais (débutant),24.85,0.0,1.0,1.2,0.625,0.73,0.09,0.08,0.1
Developpeur Web,Git; HTML/CSS; JavaScript; PHP; MySQL; Laravel,Git; HTML/CSS; PHP; Laravel; MySQL,4,3,Master,Bac,Français (courant); Anglais (intermédiaire),Français (intermédiaire); Anglais (intermédiaire),76.67,0.8333333333333334,0.75,0.3333333333333333,0.75,0.5,0.27,0.06,0.17
Social Media Manager,Instagram; Meta Ads; Analytics; TikTok; LinkedIn; Facebook,LinkedIn; Instagram; Meta Ads; Analytics; Facebook; TikTok,2,1,Licence,Master,Anglais (intermédiaire); Français (courant),Français (avancé); Anglais (intermédiaire),86.25,1.0,0.5,1.2,0.875,0.48,0.28,0.1,0.14
Community Manager,Instagram; Copywriting; Facebook; Canva,Copywriting; Facebook; Analytics; Instagram; TikTok; Canva,3,0,Licence,Master,Français (courant); Anglais (avancé),Français (intermédiaire); Anglais (courant),88.05,1.0,0.0,1.2,0.75,0.09,0.15,0.49,0.27
Social Media Manager,Meta Ads; TikTok; Instagram,LinkedIn; Facebook; Meta Ads; TikTok; Analytics; Instagram,1,1,Master,Master,Anglais (débutant),Français (intermédiaire); Anglais (débutant),100.0,1.0,1.0,1.0,1.0,0.42,0.25,0.07,0.26
Social Media Manager,Analytics; TikTok; LinkedIn; Meta Ads,TikTok; Analytics; Instagram; Facebook; Meta Ads,4,3,Master,Bac,Français (courant),Français (avancé); Anglais (débutant),70.83,0.75,0.75,0.3333333333333333,0.75,0.71,0.06,0.1,0.13
Community Manager,Facebook; TikTok; Copywriting; Canva,Copywriting; Canva; Instagram; Facebook; Analytics; TikTok,4,3,Licence,Master,Français (avancé),Français (avancé),81.65,1.0,0.75,1.2,1.0,0.09,0.79,0.07,0.05
Chef de projet digital,Agile; Gestion de projet; Communication; ClickUp,Aucune information,3,0,Licence,Master,Français (courant); Anglais (débutant),Français (courant),8.5,0.0,0.0,1.2,0.5,0.46,0.44,0.05,0.05
Content Manager,Analytics; Content Strategy; Copywriting,Aucune information,4,4,Licence,Master,Anglais (avancé); Français (intermédiaire),Français (courant),31.2,0.0,1.0,1.2,0.5,0.62,0.16,0.06,0.16
Graphiste,Typographie; InDesign; Canva; Photoshop; Illustrator; Branding,Typographie; Illustrator; InDesign; Photoshop; Canva,1,2,Master,Master,Français (intermédiaire),Français (avancé),86.5,0.8333333333333334,1.0,1.0,1.0,0.81,0.09,0.05,0.05
UI/UX Designer,Figma; Prototypage; Photoshop,Photoshop; UX Research; Prototypage; Figma; Illustrator; Adobe XD,2,4,Licence,Master,Français (courant); Anglais (courant),Français (avancé); Anglais (avancé),94.25,1.0,1.0,1.2,0.75,0.33,0.08,0.2,0.39
Content Manager,Copywriting; Analytics; Content Strategy; Canva,Content Strategy; Analytics,2,0,Master,Bac,Français (intermédiaire); Anglais (courant),Français (intermédiaire),46.33,0.5,0.0,0.3333333333333333,0.5,0.68,0.05,0.07,0.2
Developpeur Mobile,Git; Dart; Kotlin,Java; Git; Kotlin; Dart; Firebase,2,3,Licence,Master,Anglais (débutant),Français (intermédiaire),84.6,1.0,1.0,1.2,0.0,0.66,0.09,0.08,0.17
SEO/SEA,Google Ads; Keyword Research; Search Console; SEM,SEM; SEO; Google Ads,4,2,Bac,Bac,Français (courant),Français (courant); Anglais (intermédiaire),59.0,0.5,0.5,1.0,1.0,0.68,0.14,0.06,0.12
Developpeur Mobile,Java; Firebase; Flutter; Kotlin; Git,Git; Flutter,1,1,Licence,Master,Anglais (intermédiaire); Français (avancé),Français (intermédiaire); Anglais (débutant),57.97,0.4,1.0,1.2,0.5833333333333333,0.65,0.07,0.14,0.14
Community Manager,Instagram; Canva; Facebook; Copywriting,Copywriting; TikTok; Canva,3,6,Bac,Licence,Anglais (intermédiaire),Français (courant); Anglais (courant),92.9,0.5,1.0,1.2,1.0,0.17,0.33,0.07,0.43
UI/UX Designer,Illustrator; UX Research; Adobe XD; Photoshop; Prototypage; Figma,Prototypage; Figma,4,3,Licence,Master,Anglais (débutant),Français (intermédiaire); Anglais (courant),58.92,0.3333333333333333,0.75,1.2,1.0,0.53,0.27,0.05,0.15
UI/UX Designer,Prototypage; Photoshop; Figma,Illustrator; Prototypage; Figma; UX Research; Photoshop; Adobe XD,1,1,Bac,Bac,Français (intermédiaire),Français (courant),100.0,1.0,1.0,1.0,1.0,0.81,0.06,0.08,0.05
Developpeur Mobile,Git; Java; Flutter; Dart; Kotlin,Aucune information,3,2,Licence,Licence,Anglais (avancé),Français (courant); Anglais (avancé),53.0,0.0,0.6666666666666666,1.0,1.0,0.4,0.21,0.2,0.19
Data Analyst,Excel; SQL; Pandas; Power BI,Aucune information,1,5,Bac,Bac,Anglais (courant); Français (avancé),Français (courant); Anglais (courant),35.0,0.0,1.0,1.0,1.0,0.65,0.2,0.1,0.05
SEO/SEA,Google Analytics; Google Ads; SEM,Google Ads,3,4,Licence,Bac,Français (avancé); Anglais (courant),Français (avancé); Anglais (débutant),52.67,0.3333333333333333,1.0,0.5,0.625,0.56,0.19,0.05,0.2
Developpeur Mobile,Flutter; Firebase; Git; Java; Dart,Dart; Flutter; Firebase; Git; Java; Communication; Copywriting,1,1,Licence,Licence,Anglais (débutant),Français (courant); Anglais (débutant),100.0,1.0,1.0,1.0,1.0,0.69,0.15,0.07,0.09
Data Analyst,SQL; Excel; Data Visualization; Python,Power BI; Pandas; Excel; Data Visualization; Python; SQL; UX Research,4,4,Master,Master,Français (courant); Anglais (avancé),Français (avancé); Anglais (débutant),97.71,1.0,1.0,1.0,0.5416666666666666,0.75,0.15,0.05,0.05
Graphiste,Photoshop; Illustrator; Typographie; Branding; Canva,Branding; InDesign; Canva; Photoshop; Illustrator,4,2,Master,Master,Français (courant),Français (intermédiaire),77.4,0.8,0.5,1.0,0.5,0.83,0.07,0.05,0.05
Chef de projet digital,Scrum; Asana; Gestion de projet; Agile; Communication,ClickUp; Agile; Gestion de projet; Asana; Excel; Power BI,3,7,Bac,Licence,Français (avancé),Français (courant); Anglais (avancé),94.6,0.6,1.0,1.2,1.0,0.32,0.21,0.37,0.1
Developpeur Web,HTML/CSS; PHP; MySQL; Laravel; Git; JavaScript,MySQL; Laravel; Git; Dart; WordPress,2,2,Master,Master,Français (avancé),Français (intermédiaire),87.0,0.5,1.0,1.0,0.6666666666666666,0.22,0.2,0.52,0.06
Developpeur Mobile,Kotlin; Dart; Java; Git; Firebase,Kotlin,1,6,Licence,Licence,Français (avancé); Anglais (débutant),Français (intermédiaire); Anglais (courant),69.47,0.2,1.0,1.0,0.8333333333333333,0.34,0.27,0.19,0.2
Data Analyst,Data Visualization; Pandas; SQL; Python,Pandas; SQL,2,4,Master,Bac,Français (courant),Français (courant),79.17,0.5,1.0,0.3333333333333333,1.0,0.35,0.52,0.05,0.08
Data Analyst,Data Visualization; Pandas; Power BI; Python; SQL,Aucune information,1,7,Licence,Licence,Anglais (courant); Français (intermédiaire),Français (courant); Anglais (avancé),15.38,0.0,1.0,1.0,0.875,0.84,0.06,0.05,0.05
Graphiste,InDesign; Canva; Branding,Photoshop; Branding,3,5,Bac,Bac,Français (courant),Français (intermédiaire),83.67,0.3333333333333333,1.0,1.0,0.5,0.14,0.43,0.29,0.14
Graphiste,Illustrator; InDesign; Branding; Photoshop,Photoshop; Branding; InDesign; Illustrator; Typographie; Canva,1,2,Bac,Bac,Français (avancé),Français (avancé),100.0,1.0,1.0,1.0,1.0,0.07,0.76,0.06,0.11
Graphiste,Branding; Typographie; Canva,Aucune information,1,0,Master,Licence,Français (courant),Français (avancé),13.83,0.0,0.0,0.6666666666666666,0.75,0.68,0.13,0.05,0.14
Developpeur Mobile,Flutter; Git; Kotlin; Dart,Flutter; Firebase; Git; Dart; InDesign,4,6,Bac,Master,Français (courant),Français (courant),99.25,0.75,1.0,1.2,1.0,0.07,0.83,0.05,0.05
Chef de projet digital,ClickUp; Communication; Agile; Scrum; Gestion de projet; Asana,JavaScript; Google Ads,3,3,Master,Master,Français (avancé),Français (avancé); Anglais (débutant),84.0,0.0,1.0,1.0,1.0,0.16,0.07,0.38,0.39
Social Media Manager,LinkedIn; Meta Ads; Analytics; Facebook; TikTok; Instagram,LinkedIn; Meta Ads; TikTok; Instagram,1,4,Bac,Bac,Anglais (avancé),Français (courant); Anglais (avancé),75.0,0.6666666666666666,1.0,1.0,1.0,0.75,0.09,0.05,0.11
Social Media Manager,TikTok; Facebook; Instagram; Meta Ads; Analytics,Instagram; Facebook; TikTok; Meta Ads; Analytics,1,3,Licence,Master,Français (avancé); Anglais (débutant),Français (avancé),96.4,1.0,1.0,1.2,0.5,0.7,0.13,0.07,0.1
Social Media Manager,LinkedIn; TikTok; Instagram; Facebook; Analytics,Instagram; Analytics; LinkedIn; TikTok; Facebook; SEO; Content Strategy,1,2,Licence,Master,Français (intermédiaire),Français (courant); Anglais (courant),103.2,1.0,1.0,1.2,1.0,0.53,0.22,0.16,0.09
Developpeur Web,PHP; HTML/CSS; MySQL; JavaScript; Git,Aucune information,2,1,Licence,Bac,Français (avancé); Anglais (avancé),Français (avancé); Anglais (avancé),52.5,0.0,0.5,0.5,1.0,0.28,0.2,0.19,0.33
Community Manager,TikTok; Copywriting; Instagram; Facebook,Firebase; Facebook,2,5,Bac,Bac,Anglais (avancé),Français (intermédiaire); Anglais (intermédiaire),87.83,0.25,1.0,1.0,0.6666666666666666,0.14,0.18,0.63,0.05
Chef de projet digital,Asana; Communication; Scrum; Gestion de projet,Scrum,4,3,Master,Master,Français (intermédiaire),Français (avancé); Anglais (débutant),48.75,0.25,0.75,1.0,1.0,0.64,0.13,0.08,0.15
Content Manager,Analytics; SEO; WordPress; Copywriting; Canva; Content Strategy,Copywriting; SEO; Canva; WordPress; Analytics,2,6,Licence,Master,Français (intermédiaire),Français (courant); Anglais (débutant),97.8,0.8333333333333334,1.0,1.2,1.0,0.3,0.49,0.14,0.07
SEO/SEA,SEM; Keyword Research; Search Console; SEO; Google Ads,Keyword Research; SEM,3,6,Master,Master,Anglais (avancé); Français (courant),Français (courant); Anglais (avancé),50.2,0.4,1.0,1.0,1.0,0.83,0.05,0.06,0.06
Graphiste,Illustrator; Canva; Typographie; Branding; InDesign; Photoshop,Photoshop,2,4,Licence,Licence,Français (avancé),Français (avancé),64.17,0.16666666666666666,1.0,1.0,1.0,0.43,0.1,0.37,0.1
Developpeur Web,JavaScript; HTML/CSS; MySQL; Laravel; Git; PHP,Git; PHP,4,2,Licence,Master,Anglais (intermédiaire); Français (courant),Français (avancé); Anglais (courant),42.58,0.3333333333333333,0.5,1.2,0.875,0.81,0.08,0.06,0.05
Data Analyst,Excel; SQL; Python,SQL; Excel,1,4,Bac,Bac,Français (courant); Anglais (avancé),Français (intermédiaire),68.17,0.6666666666666666,1.0,1.0,0.25,0.82,0.07,0.05,0.06
Data Analyst,Python; Excel; Pandas; SQL; Power BI,Pandas; SQL; Power BI; Python; Excel,4,3,Master,Licence,Anglais (débutant),Français (avancé); Anglais (avancé),95.75,1.0,0.75,0.6666666666666666,1.0,0.77,0.09,0.06,0.08
Data Analyst,Data Visualization; Power BI; Excel; Python; SQL; Pandas,Pandas; Python; Excel,4,4,Master,Master,Français (avancé); Anglais (débutant),Français (avancé); Anglais (courant),88.0,0.5,1.0,1.0,1.0,0.24,0.09,0.44,0.23
Graphiste,Canva; Typographie; InDesign; Illustrator; Photoshop; Branding,Illustrator; Canva; Photoshop,2,1,Bac,Licence,Français (avancé),Français (courant),74.9,0.5,0.5,1.2,1.0,0.48,0.09,0.17,0.26
Content Manager,Analytics; Copywriting; WordPress; Canva; Content Strategy; SEO,WordPress,1,3,Master,Licence,Français (intermédiaire); Anglais (avancé),Français (intermédiaire); Anglais (courant),61.67,0.16666666666666666,1.0,0.6666666666666666,1.0,0.4,0.16,0.15,0.29
Data Analyst,Power BI; Python; Excel,Python; Facebook,1,1,Bac,Licence,Anglais (intermédiaire); Français (avancé),Français (avancé),41.83,0.3333333333333333,1.0,1.2,0.5,0.85,0.05,0.05,0.05
Graphiste,Canva; Typographie; Illustrator; InDesign; Branding,Photoshop,2,3,Master,Bac,Français (courant),Français (avancé),15.5,0.0,1.0,0.3333333333333333,0.75,0.76,0.05,0.09,0.1
Graphiste,Branding; Canva; Typographie; Illustrator; Photoshop,Typographie; InDesign; Canva; Branding; Photoshop,1,1,Licence,Master,Français (intermédiaire),Français (intermédiaire),93.0,0.8,1.0,1.2,1.0,0.41,0.41,0.06,0.12
SEO/SEA,Search Console; Keyword Research; SEO; Google Ads,Keyword Research; Google Analytics; SEO; Search Console; SEM,1,3,Bac,Master,Anglais (avancé),Français (intermédiaire); Anglais (courant),102.6,0.75,1.0,1.2,1.0,0.08,0.36,0.23,0.33
Developpeur Mobile,Git; Kotlin; Dart; Java; Flutter,Kotlin; Git; Java; Dart; Firebase,1,3,Licence,Bac,Français (avancé),Français (intermédiaire); Anglais (intermédiaire),78.7,0.8,1.0,0.5,0.6666666666666666,0.19,0.44,0.31,0.06
UI/UX Designer,UX Research; Illustrator; Prototypage; Adobe XD; Figma,Illustrator,1,6,Master,Bac,Anglais (avancé),Français (courant); Anglais (courant),42.93,0.2,1.0,0.3333333333333333,1.0,0.53,0.07,0.22,0.18
Developpeur Mobile,Firebase; Flutter; Git; Java,Git,1,1,Master,Master,Anglais (avancé),Français (avancé); Anglais (avancé),78.25,0.25,1.0,1.0,1.0,0.29,0.52,0.05,0.14
Chef de projet digital,Communication; Gestion de projet; Agile,Agile; Communication; ClickUp; Gestion de projet,4,5,Master,Bac,Anglais (débutant); Français (courant),Français (intermédiaire); Anglais (intermédiaire),87.17,1.0,1.0,0.3333333333333333,0.75,0.3,0.47,0.17,0.06
Developpeur Web,MySQL; Laravel; PHP,Aucune information,2,0,Bac,Licence,Français (avancé),Français (courant); Anglais (courant),35.0,0.0,0.0,1.2,1.0,0.08,0.6,0.15,0.17
Graphiste,Canva; Photoshop; Illustrator; Branding; InDesign; Typographie,InDesign; Photoshop; Canva; Branding; Illustrator; Content Strategy; UX Research,3,5,Bac,Master,Français (courant),Français (intermédiaire),87.77,0.8333333333333334,1.0,1.2,0.5,0.62,0.09,0.18,0.11
Developpeur Mobile,Git; Firebase; Kotlin; Flutter,Kotlin; Git; Dart; Java; Flutter,2,5,Licence,Licence,Anglais (courant),Français (courant),64.5,0.75,1.0,1.0,0.0,0.7,0.05,0.07,0.18
Social Media Manager,Meta Ads; Analytics; LinkedIn,Facebook,4,0,Master,Licence,Français (courant),Français (intermédiaire); Anglais (débutant),24.67,0.0,0.0,0.6666666666666666,0.5,0.18,0.37,0.13,0.32
Graphiste,Photoshop; Illustrator; InDesign,Illustrator; Photoshop; Typographie,4,4,Licence,Licence,Français (avancé),Français (avancé),93.0,0.6666666666666666,1.0,1.0,1.0,0.21,0.51,0.16,0.12
Community Manager,Analytics; Facebook; Canva; TikTok; Instagram,Copywriting; Illustrator; Canva,1,5,Bac,Master,Anglais (courant); Français (intermédiaire),Français (courant),40.1,0.2,1.0,1.2,0.5,0.75,0.07,0.13,0.05
SEO/SEA,Google Ads; SEM; SEO; Keyword Research; Search Console,Google Ads; Analytics,1,6,Bac,Bac,Français (avancé),Français (courant); Anglais (courant),63.2,0.2,1.0,1.0,1.0,0.46,0.16,0.1,0.28
Chef de projet digital,Scrum; Communication; Gestion de projet; ClickUp; Agile,ClickUp; Agile,2,5,Licence,Licence,Anglais (débutant); Français (intermédiaire),Français (intermédiaire); Anglais (avancé),50.2,0.4,1.0,1.0,1.0,0.83,0.06,0.06,0.05
SEO/SEA,Google Ads; SEM; SEO; Search Console; Google Analytics; Keyword Research,SEM; Search Console,3,2,Master,Licence,Français (courant),Français (avancé); Anglais (intermédiaire),51.17,0.3333333333333333,0.6666666666666666,0.6666666666666666,0.75,0.48,0.15,0.31,0.06
Social Media Manager,Analytics; LinkedIn; Instagram; Facebook,LinkedIn; Analytics; Meta Ads,2,2,Bac,Licence,Anglais (débutant),Français (intermédiaire); Anglais (débutant),97.6,0.5,1.0,1.2,1.0,0.12,0.6,0.18,0.1
SEO/SEA,SEO; SEM; Google Ads,Search Console; Google Analytics; SEO; Keyword Research; Google Ads,2,5,Licence,Bac,Anglais (débutant); Français (avancé),Français (intermédiaire); Anglais (courant),69.33,0.6666666666666666,1.0,0.5,0.8333333333333333,0.68,0.12,0.14,0.06
Social Media Manager,Analytics; Instagram; TikTok,Meta Ads,4,5,Master,Bac,Anglais (avancé),Français (courant); Anglais (avancé),34.0,0.0,1.0,0.3333333333333333,1.0,0.62,0.27,0.06,0.05
SEO/SEA,Search Console; Keyword Research; SEO; Google Analytics; SEM; Google Ads,Google Analytics; SEM; SEO; Keyword Research,2,6,Licence,Licence,Anglais (débutant); Français (courant),Français (intermédiaire),70.5,0.6666666666666666,1.0,1.0,0.25,0.75,0.1,0.09,0.06
Graphiste,Typographie; InDesign; Photoshop; Canva; Illustrator; Branding,InDesign; Canva; Illustrator; Photoshop; Branding,1,1,Bac,Licence,Français (avancé),Français (intermédiaire),94.57,0.8333333333333334,1.0,1.2,0.6666666666666666,0.41,0.2,0.27,0.12
Developpeur Mobile,Java; Dart; Kotlin; Flutter; Firebase; Git,Kotlin; Dart; Flutter; Java; Git; Firebase,2,2,Licence,Bac,Anglais (courant); Français (courant),Français (avancé); Anglais (courant),83.25,1.0,1.0,0.5,0.875,0.14,0.45,0.31,0.1
Developpeur Mobile,Flutter; Firebase; Kotlin,Java; Kotlin; Firebase,1,3,Bac,Licence,Français (intermédiaire),Français (intermédiaire); Anglais (débutant),99.4,0.6666666666666666,1.0,1.2,1.0,0.18,0.47,0.27,0.08
Social Media Manager,Instagram; TikTok; LinkedIn; Analytics; Facebook,Analytics; LinkedIn; Instagram,3,6,Licence,Master,Français (intermédiaire),Français (avancé); Anglais (intermédiaire),69.6,0.6,1.0,1.2,1.0,0.79,0.09,0.06,0.06
Chef de projet digital,Gestion de projet; ClickUp; Scrum; Agile; Communication; Asana,ClickUp; Communication; Agile; Scrum,3,7,Bac,Master,Anglais (courant); Français (avancé),Français (intermédiaire),61.73,0.6666666666666666,1.0,1.2,0.3333333333333333,0.53,0.07,0.07,0.33
SEO/SEA,Keyword Research; Google Ads; Search Console; Google Analytics; SEO,Search Console; Keyword Research; SEM; SEO; Google Ads; Google Analytics,2,4,Licence,Bac,Anglais (intermédiaire),Français (intermédiaire); Anglais (avancé),97.5,1.0,1.0,0.5,1.0,0.81,0.09,0.05,0.05
Developpeur Mobile,Git; Flutter; Dart,Git; Flutter; Dart; Firebase; Kotlin; Canva; InDesign,3,4,Licence,Master,Français (intermédiaire); Anglais (courant),Français (avancé); Anglais (intermédiaire),97.75,1.0,1.0,1.2,0.75,0.05,0.59,0.15,0.21
SEO/SEA,Google Ads; Search Console; Google Analytics; SEO; Keyword Research; SEM,Google Analytics; Google Ads; Search Console; Keyword Research,1,0,Bac,Licence,Français (avancé); Anglais (avancé),Français (avancé); Anglais (débutant),37.73,0.6666666666666666,0.0,1.2,0.6666666666666666,0.39,0.49,0.07,0.05
SEO/SEA,Google Analytics; Search Console; Google Ads; Keyword Research; SEO; SEM,Google Analytics; Google Ads; SEM; Search Console; Keyword Research; SEO,4,1,Bac,Master,Anglais (débutant); Français (courant),Français (courant),91.85,1.0,0.25,1.2,0.5,0.63,0.09,0.18,0.1
Social Media Manager,Meta Ads; Facebook; TikTok; LinkedIn; Instagram,TikTok; Instagram; Meta Ads; Analytics; Facebook; LinkedIn,2,6,Licence,Bac,Anglais (intermédiaire); Français (avancé),Français (intermédiaire),53.33,1.0,1.0,0.5,0.3333333333333333,0.06,0.21,0.12,0.61
UI/UX Designer,Prototypage; Illustrator; Photoshop,Figma; Prototypage; Photoshop,4,1,Master,Master,Anglais (courant); Français (courant),Français (courant),67.58,0.6666666666666666,0.25,1.0,0.5,0.41,0.05,0.24,0.3
UI/UX Designer,Prototypage; Figma; Photoshop; Adobe XD; UX Research,Adobe XD,2,1,Licence,Master,Anglais (courant); Français (avancé),Français (intermédiaire),77.7,0.2,0.5,1.2,0.3333333333333333,0.2,0.17,0.51,0.12
Content Manager,Analytics; SEO; Canva,Aucune information,4,3,Master,Bac,Français (avancé),Français (intermédiaire),41.25,0.0,0.75,0.3333333333333333,0.6666666666666666,0.4,0.47,0.08,0.05
Social Media Manager,Instagram; LinkedIn; Analytics; Facebook; TikTok; Meta Ads,Analytics; Facebook; LinkedIn; TikTok; Instagram; Meta Ads,4,3,Licence,Licence,Français (courant); Anglais (courant),Français (courant); Anglais (intermédiaire),92.25,1.0,0.75,1.0,0.75,0.1,0.17,0.59,0.14
Developpeur Mobile,Kotlin; Java; Dart; Flutter; Git; Firebase,Kotlin; Git; Firebase,1,0,Master,Licence,Anglais (courant),Français (courant); Anglais (intermédiaire),48.0,0.5,0.0,0.6666666666666666,0.5,0.48,0.09,0.15,0.28
SEO/SEA,SEM; Keyword Research; Search Console,SEO; Google Ads; Keyword Research; Search Console; SEM,1,0,Master,Bac,Français (intermédiaire),Français (intermédiaire); Anglais (intermédiaire),82.33,1.0,0.0,0.3333333333333333,1.0,0.68,0.09,0.13,0.1
UI/UX Designer,Prototypage; Photoshop; Figma,UX Research; Figma; Adobe XD,1,4,Bac,Licence,Anglais (courant); Français (avancé),Français (intermédiaire),74.93,0.3333333333333333,1.0,1.2,0.3333333333333333,0.35,0.52,0.08,0.05
Content Manager,Analytics; Copywriting; Content Strategy; Canva; WordPress; SEO,Copywriting,1,1,Bac,Bac,Français (avancé),Français (intermédiaire); Anglais (avancé),31.33,0.16666666666666666,1.0,1.0,0.6666666666666666,0.8,0.09,0.05,0.06
Social Media Manager,Instagram; Meta Ads; LinkedIn; Facebook; Analytics,Facebook; TikTok; LinkedIn,3,1,Licence,Master,Anglais (courant),Français (courant); Anglais (débutant),42.43,0.4,0.3333333333333333,1.2,0.25,0.79,0.1,0.05,0.06
Graphiste,Branding; Typographie; Illustrator; Canva; Photoshop,Illustrator; Photoshop; InDesign; Branding,3,5,Licence,Master,Français (courant),Français (courant),97.6,0.6,1.0,1.2,1.0,0.13,0.62,0.14,0.11
Social Media Manager,TikTok; Analytics; Meta Ads,Instagram; LinkedIn; Facebook,2,0,Bac,Bac,Français (avancé); Anglais (avancé),Français (intermédiaire); Anglais (courant),61.33,0.0,0.0,1.0,0.8333333333333333,0.22,0.06,0.08,0.64
Chef de projet digital,Gestion de projet; Asana; Communication,Asana,3,6,Master,Bac,Français (avancé),Français (courant); Anglais (intermédiaire),80.0,0.3333333333333333,1.0,0.3333333333333333,1.0,0.09,0.65,0.21,0.05
Content Manager,Canva; Content Strategy; SEO; Analytics; WordPress; Copywriting,Analytics; Copywriting; SEO; Content Strategy; Canva,2,1,Bac,Licence,Anglais (courant); Français (courant),Français (avancé),74.19,0.8333333333333334,0.5,1.2,0.375,0.26,0.2,0.27,0.27
Community Manager,Canva; Copywriting; Instagram; Analytics; Facebook,Aucune information,3,0,Licence,Bac,Français (intermédiaire); Anglais (intermédiaire),Français (courant); Anglais (avancé),35.0,0.0,0.0,0.5,1.0,0.36,0.17,0.24,0.23
Community Manager,Facebook; Canva; Instagram; Copywriting; TikTok; Analytics,Canva; Copywriting; TikTok; Facebook; Analytics,4,1,Bac,Master,Français (courant),Français (intermédiaire),76.28,0.8333333333333334,0.25,1.2,0.5,0.1,0.23,0.41,0.26
Graphiste,Photoshop; InDesign; Illustrator; Branding,Illustrator; InDesign; Photoshop,3,5,Bac,Bac,Français (courant),Français (intermédiaire),85.75,0.75,1.0,1.0,0.5,0.47,0.43,0.05,0.05
Developpeur Mobile,Firebase; Git; Kotlin; Dart; Flutter,Java; Flutter; Git; Firebase; Dart,1,4,Master,Licence,Français (intermédiaire); Anglais (courant),Français (intermédiaire); Anglais (courant),86.53,0.8,1.0,0.6666666666666666,1.0,0.59,0.31,0.05,0.05
Developpeur Web,HTML/CSS; Laravel; Git; JavaScript; PHP,JavaScript; Laravel; Git; PHP,1,0,Licence,Bac,Français (avancé); Anglais (intermédiaire),Français (courant),38.3,0.8,0.0,0.5,0.5,0.26,0.39,0.28,0.07
Chef de projet digital,Asana; Communication; Gestion de projet; Scrum; Agile; ClickUp,Communication; ClickUp; Figma; Dart,1,3,Licence,Licence,Français (intermédiaire); Anglais (avancé),Français (intermédiaire); Anglais (débutant),64.33,0.3333333333333333,1.0,1.0,0.6666666666666666,0.45,0.24,0.14,0.17
Social Media Manager,Instagram; Analytics; LinkedIn,Analytics; Instagram; TikTok; Meta Ads; LinkedIn; Facebook,3,6,Bac,Bac,Anglais (courant); Français (avancé),Français (intermédiaire); Anglais (avancé),97.08,1.0,1.0,1.0,0.7083333333333333,0.75,0.06,0.09,0.1
Developpeur Web,PHP; MySQL; Git; JavaScript,PHP; Git; Laravel,1,5,Licence,Master,Anglais (intermédiaire); Français (intermédiaire),Français (avancé); Anglais (intermédiaire),67.4,0.5,1.0,1.2,1.0,0.7,0.05,0.12,0.13
Developpeur Mobile,Kotlin; Dart; Git; Flutter; Java,Java; Dart; Kotlin; Flutter; Firebase; Git,1,1,Master,Licence,Français (avancé),Français (intermédiaire); Anglais (avancé),95.0,1.0,1.0,0.6666666666666666,0.6666666666666666,0.75,0.1,0.06,0.09
Developpeur Web,Git; JavaScript; MySQL; HTML/CSS; PHP; Laravel,PHP; MySQL; HTML/CSS; Laravel; JavaScript,3,2,Licence,Master,Français (avancé); Anglais (débutant),Français (intermédiaire); Anglais (débutant),93.27,0.8333333333333334,0.6666666666666666,1.2,0.8333333333333333,0.16,0.13,0.33,0.38
Developpeur Web,PHP; HTML/CSS; JavaScript; MySQL,PHP; Git; Laravel; JavaScript,3,2,Bac,Licence,Anglais (courant); Français (courant),Français (avancé); Anglais (intermédiaire),80.24,0.5,0.6666666666666666,1.2,0.625,0.15,0.43,0.31,0.11
Developpeur Web,MySQL; HTML/CSS; JavaScript; Git,Aucune information,3,1,Bac,Master,Français (courant); Anglais (débutant),Français (courant),70.27,0.0,0.3333333333333333,1.2,0.5,0.12,0.23,0.43,0.22
Content Manager,SEO; Canva; WordPress; Content Strategy,Analytics,3,5,Licence,Licence,Français (intermédiaire); Anglais (avancé),Français (courant),39.5,0.0,1.0,1.0,0.5,0.58,0.06,0.31,0.05
Social Media Manager,Analytics; Facebook; LinkedIn; Meta Ads; Instagram; TikTok,Aucune information,1,0,Bac,Master,Français (courant); Anglais (avancé),Français (intermédiaire); Anglais (avancé),34.65,0.0,0.0,1.2,0.75,0.15,0.46,0.12,0.27
Data Analyst,SQL; Power BI; Pandas,Aucune information,4,0,Licence,Master,Français (intermédiaire); Anglais (intermédiaire),Français (intermédiaire); Anglais (courant),13.4,0.0,0.0,1.2,1.0,0.56,0.32,0.07,0.05
Community Manager,TikTok; Analytics; Facebook; Canva,Aucune information,2,2,Bac,Bac,Anglais (débutant),Français (courant); Anglais (courant),47.0,0.0,1.0,1.0,1.0,0.53,0.36,0.06,0.05
Graphiste,Branding; Photoshop; Typographie; InDesign,Aucune information,3,4,Master,Licence,Français (avancé),Français (intermédiaire),25.33,0.0,1.0,0.6666666666666666,0.6666666666666666,0.71,0.18,0.05,0.06
Content Manager,Copywriting; WordPress; Content Strategy; SEO; Canva,Analytics; Canva; Copywriting; Content Strategy; WordPress,3,1,Bac,Licence,Français (avancé); Anglais (courant),Français (intermédiaire); Anglais (courant),79.97,0.8,0.3333333333333333,1.2,0.8333333333333333,0.16,0.13,0.1,0.61
SEO/SEA,SEM; Google Ads; Search Console; Keyword Research,SEM,2,1,Licence,Master,Anglais (avancé),Français (avancé); Anglais (intermédiaire),35.08,0.25,0.5,1.2,0.6666666666666666,0.77,0.13,0.05,0.05
Community Manager,TikTok; Instagram; Copywriting,Facebook,4,3,Master,Master,Français (avancé),Français (avancé),14.75,0.0,0.75,1.0,1.0,0.84,0.05,0.05,0.06
Data Analyst,Data Visualization; Python; Pandas; SQL,Data Visualization; Python; SQL; Pandas; Excel; Power BI; Google Analytics; PHP,4,0,Bac,Bac,Français (intermédiaire),Français (avancé); Anglais (débutant),64.0,1.0,0.0,1.0,1.0,0.43,0.36,0.09,0.12
Developpeur Mobile,Dart; Git; Java; Flutter,Aucune information,3,2,Licence,Master,Français (intermédiaire); Anglais (avancé),Français (courant); Anglais (intermédiaire),66.4,0.0,0.6666666666666666,1.2,0.8333333333333333,0.22,0.29,0.17,0.32
Developpeur Web,JavaScript; MySQL; PHP,Illustrator,4,2,Bac,Master,Français (courant),Français (courant); Anglais (intermédiaire),16.7,0.0,0.5,1.2,1.0,0.8,0.09,0.06,0.05
Developpeur Mobile,Dart; Flutter; Kotlin; Java; Git; Firebase,Aucune information,1,4,Master,Bac,Français (intermédiaire); Anglais (courant),Français (courant); Anglais (avancé),13.79,0.0,1.0,0.3333333333333333,0.875,0.82,0.06,0.05,0.07
Content Manager,Analytics; Canva; SEO; Copywriting,Canva; Copywriting,3,6,Master,Master,Anglais (débutant); Français (courant),Français (intermédiaire),60.25,0.5,1.0,1.0,0.25,0.21,0.33,0.07,0.39
UI/UX Designer,Photoshop; Adobe XD; Illustrator; Prototypage,Photoshop; Adobe XD; Figma; Prototypage; Illustrator; Copywriting,4,2,Bac,Licence,Anglais (intermédiaire),Français (avancé); Anglais (débutant),94.4,1.0,0.5,1.2,0.5,0.79,0.07,0.07,0.07
Social Media Manager,Analytics; Instagram; LinkedIn; Meta Ads,Aucune information,4,3,Master,Master,Français (avancé); Anglais (courant),Français (courant); Anglais (débutant),12.88,0.0,0.75,1.0,0.625,0.84,0.05,0.06,0.05
Developpeur Mobile,Firebase; Flutter; Dart; Java,Aucune information,3,2,Master,Bac,Français (courant); Anglais (débutant),Français (courant); Anglais (avancé),24.0,0.0,0.6666666666666666,0.3333333333333333,1.0,0.65,0.13,0.1,0.12
Data Analyst,SQL; Data Visualization; Pandas; Python; Excel; Power BI,Python; Data Visualization,2,1,Licence,Licence,Anglais (courant),Français (intermédiaire),36.0,0.3333333333333333,0.5,1.0,0.0,0.69,0.12,0.07,0.12
UI/UX Designer,Adobe XD; Figma; UX Research; Prototypage; Photoshop,Adobe XD; Prototypage; Photoshop; UX Research; Illustrator,4,3,Bac,Master,Anglais (intermédiaire),Français (avancé),71.55,0.8,0.75,1.2,0.0,0.27,0.49,0.11,0.13
UI/UX Designer,UX Research; Figma; Adobe XD,UX Research; Photoshop; Prototypage; Illustrator,2,2,Bac,Bac,Anglais (avancé); Français (intermédiaire),Français (avancé); Anglais (intermédiaire),78.0,0.3333333333333333,1.0,1.0,0.8333333333333333,0.29,0.14,0.41,0.16
Graphiste,Branding; Photoshop; Illustrator; Canva; Typographie; InDesign,Canva; Illustrator; Photoshop; Branding; InDesign; Typographie,4,0,Licence,Bac,Français (intermédiaire),Français (avancé),71.5,1.0,0.0,0.5,1.0,0.47,0.25,0.07,0.21
Social Media Manager,Instagram; TikTok; Analytics,TikTok; Instagram; Meta Ads; Analytics; Facebook; LinkedIn,1,4,Bac,Master,Français (intermédiaire),Français (intermédiaire); Anglais (débutant),101.2,1.0,1.0,1.2,1.0,0.73,0.15,0.06,0.06
Developpeur Web,PHP; MySQL; HTML/CSS; Laravel; JavaScript,Git; MySQL; Laravel; JavaScript; PHP; HTML/CSS,4,5,Master,Master,Anglais (avancé),Français (courant); Anglais (courant),100.0,1.0,1.0,1.0,1.0,0.21,0.62,0.09,0.08
Content Manager,Canva; Content Strategy; WordPress; SEO; Analytics; Copywriting,Analytics,4,6,Bac,Master,Français (intermédiaire),Français (intermédiaire); Anglais (avancé),32.87,0.16666666666666666,1.0,1.2,1.0,0.82,0.05,0.06,0.07
Content Manager,Canva; SEO; Copywriting; Content Strategy; Analytics,Content Strategy; WordPress; SEO; Copywriting,4,3,Bac,Bac,Français (avancé); Anglais (intermédiaire),Français (avancé),72.65,0.6,0.75,1.0,0.5,0.14,0.65,0.1,0.11
Community Manager,Canva; Facebook; Analytics,Copywriting; TikTok,3,0,Bac,Bac,Français (intermédiaire); Anglais (avancé),Français (intermédiaire),9.5,0.0,0.0,1.0,0.5,0.77,0.1,0.06,0.07
Chef de projet digital,ClickUp; Scrum; Agile; Asana; Gestion de projet,Gestion de projet; Scrum; ClickUp; Communication; Asana; Agile; TikTok,1,7,Licence,Licence,Anglais (intermédiaire); Français (avancé),Français (courant),92.0,1.0,1.0,1.0,0.5,0.22,0.49,0.13,0.16
Developpeur Web,HTML/CSS; JavaScript; PHP; Git,PHP; Laravel; Git; JavaScript; HTML/CSS; MySQL,1,5,Licence,Master,Français (courant); Anglais (intermédiaire),Français (intermédiaire),96.85,1.0,1.0,1.2,0.25,0.08,0.27,0.48,0.17
Developpeur Mobile,Kotlin; Flutter; Git; Dart,Java; Git; SEO; Adobe XD,2,2,Licence,Licence,Français (courant); Anglais (courant),Français (avancé); Anglais (courant),82.38,0.25,1.0,1.0,0.875,0.15,0.21,0.13,0.51
UI/UX Designer,Photoshop; Prototypage; Figma; UX Research,Figma,4,6,Bac,Master,Anglais (avancé); Français (avancé),Français (intermédiaire); Anglais (courant),43.42,0.25,1.0,1.2,0.8333333333333333,0.77,0.08,0.1,0.05
UI/UX Designer,Adobe XD; Figma; Photoshop,Adobe XD; Photoshop; UX Research; Figma; Canva,4,6,Bac,Licence,Anglais (débutant); Français (courant),Français (intermédiaire); Anglais (intermédiaire),99.9,1.0,1.0,1.2,0.75,0.3,0.57,0.07,0.06
Chef de projet digital,Gestion de projet; Scrum; ClickUp; Communication; Asana; Agile,Communication; Asana; Agile; ClickUp; Scrum,2,7,Bac,Licence,Anglais (intermédiaire),Français (avancé); Anglais (débutant),86.77,0.8333333333333334,1.0,1.2,0.5,0.5,0.29,0.08,0.13
Data Analyst,Power BI; SQL; Data Visualization,Data Visualization; Pandas; SQL,1,3,Bac,Licence,Français (intermédiaire),Français (avancé); Anglais (intermédiaire),82.73,0.6666666666666666,1.0,1.2,1.0,0.56,0.2,0.07,0.17
Content Manager,Copywriting; Analytics; WordPress,Canva; Analytics; Content Strategy; SEO; Copywriting,3,3,Licence,Master,Anglais (courant),Français (intermédiaire),74.4,0.6666666666666666,1.0,1.2,0.0,0.48,0.28,0.12,0.12
UI/UX Designer,Illustrator; Photoshop; Adobe XD; Prototypage; Figma; UX Research,Aucune information,4,0,Licence,Bac,Anglais (intermédiaire); Français (intermédiaire),Français (avancé); Anglais (avancé),15.0,0.0,0.0,0.5,1.0,0.18,0.59,0.16,0.07
SEO/SEA,SEM; Keyword Research; SEO,SEM; Google Ads; Keyword Research; Search Console; Google Analytics; SEO; Dart,4,2,Master,Licence,Anglais (courant),Français (courant); Anglais (débutant),58.25,1.0,0.5,0.6666666666666666,0.25,0.26,0.4,0.09,0.25
Social Media Manager,Meta Ads; TikTok; Analytics; LinkedIn,Facebook; Analytics; Meta Ads,3,6,Licence,Master,Français (avancé); Anglais (courant),Français (avancé),94.5,0.5,1.0,1.2,0.5,0.09,0.47,0.3,0.14
Social Media Manager,Meta Ads; LinkedIn; Instagram; TikTok,Analytics,4,5,Bac,Bac,Français (avancé); Anglais (courant),Français (courant); Anglais (intermédiaire),87.5,0.0,1.0,1.0,0.75,0.11,0.75,0.08,0.06
UI/UX Designer,Adobe XD; Figma; UX Research; Photoshop; Prototypage; Illustrator,Figma; PHP,3,5,Master,Master,Anglais (intermédiaire),Français (courant); Anglais (courant),81.67,0.16666666666666666,1.0,1.0,1.0,0.22,0.31,0.24,0.23
Data Analyst,Pandas; Power BI; Python,SQL; Excel; Data Visualization; Pandas; Python,2,6,Licence,Licence,Français (avancé); Anglais (avancé),Français (avancé),88.67,0.6666666666666666,1.0,1.0,0.5,0.13,0.12,0.61,0.14
UI/UX Designer,UX Research; Prototypage; Figma,Photoshop,1,1,Licence,Bac,Français (courant),Français (intermédiaire); Anglais (avancé),29.5,0.0,1.0,0.5,0.5,0.55,0.14,0.08,0.23
Graphiste,Photoshop; Canva; Typographie; Illustrator; Branding; InDesign,Typographie; Canva,1,1,Bac,Licence,Français (courant),Français (intermédiaire),80.03,0.3333333333333333,1.0,1.2,0.5,0.28,0.61,0.06,0.05
UI/UX Designer,Figma; Photoshop; Prototypage,UX Research; Photoshop; Figma; Illustrator,4,4,Master,Bac,Français (courant),Français (courant); Anglais (avancé),75.33,0.6666666666666666,1.0,0.3333333333333333,1.0,0.56,0.28,0.09,0.07
Social Media Manager,Instagram; Facebook; TikTok,TikTok; LinkedIn,2,2,Bac,Master,Français (intermédiaire),Français (intermédiaire); Anglais (courant),103.73,0.3333333333333333,1.0,1.2,1.0,0.16,0.06,0.72,0.06
Chef de projet digital,Gestion de projet; ClickUp; Scrum; Communication; Agile; Asana,Scrum,3,7,Licence,Licence,Anglais (avancé),Français (avancé),47.17,0.16666666666666666,1.0,1.0,0.0,0.07,0.12,0.34,0.47
Community Manager,Copywriting; Facebook; Canva; Instagram; Analytics,Facebook,3,2,Licence,Master,Anglais (débutant),Français (avancé); Anglais (avancé),57.6,0.2,0.6666666666666666,1.2,1.0,0.35,0.48,0.08,0.09
Data Analyst,Power BI; Python; Pandas; Data Visualization; SQL,Data Visualization,4,2,Bac,Licence,Français (courant); Anglais (courant),Français (courant); Anglais (avancé),52.52,0.2,0.5,1.2,0.875,0.12,0.76,0.05,0.07
Developpeur Web,Laravel; Git; MySQL; PHP; JavaScript,Aucune information,4,5,Licence,Master,Français (intermédiaire),Français (avancé),25.0,0.0,1.0,1.2,1.0,0.76,0.14,0.05,0.05
SEO/SEA,Google Analytics; Search Console; Google Ads; SEO; Keyword Research; SEM,Aucune information,4,4,Bac,Licence,Anglais (avancé); Français (avancé),Français (avancé); Anglais (débutant),26.53,0.0,1.0,1.2,0.6666666666666666,0.71,0.12,0.06,0.11
Developpeur Web,PHP; JavaScript; HTML/CSS; Laravel; MySQL,HTML/CSS; PHP,2,6,Licence,Licence,Français (avancé),Français (courant),52.0,0.4,1.0,1.0,1.0,0.8,0.06,0.08,0.06
Social Media Manager,Facebook; Meta Ads; TikTok; Instagram; Analytics; LinkedIn,TikTok; Meta Ads; Facebook; LinkedIn; Analytics; Instagram,3,1,Master,Bac,Anglais (intermédiaire); Français (intermédiaire),Français (courant),47.0,1.0,0.3333333333333333,0.3333333333333333,0.5,0.15,0.25,0.38,0.22
UI/UX Designer,Adobe XD; Photoshop; Figma,Aucune information,1,0,Licence,Licence,Français (courant),Français (courant); Anglais (avancé),12.0,0.0,0.0,1.0,1.0,0.59,0.29,0.06,0.06
SEO/SEA,Search Console; Google Ads; Keyword Research; Google Analytics; SEM,SEM; SEO; Google Ads; Google Analytics; Search Console,1,2,Bac,Licence,Français (avancé); Anglais (intermédiaire),Français (avancé),98.7,0.8,1.0,1.2,0.5,0.15,0.59,0.21,0.05
Developpeur Mobile,Firebase; Flutter; Kotlin; Git; Java,Flutter; Dart; Kotlin,2,3,Master,Licence,Français (avancé),Français (avancé); Anglais (intermédiaire),89.33,0.4,1.0,0.6666666666666666,1.0,0.1,0.59,0.14,0.17
Graphiste,InDesign; Canva; Illustrator; Typographie; Photoshop,Branding; Typographie; Illustrator,2,1,Bac,Bac,Français (intermédiaire),Français (avancé),80.0,0.4,0.5,1.0,1.0,0.2,0.16,0.06,0.58
UI/UX Designer,Prototypage; Figma; Adobe XD; Illustrator; UX Research,Photoshop; SEM; Meta Ads,1,2,Bac,Licence,Anglais (courant),Français (courant); Anglais (débutant),26.5,0.0,1.0,1.2,0.25,0.7,0.19,0.05,0.06
Social Media Manager,Instagram; Analytics; LinkedIn; TikTok; Meta Ads; Facebook,Aucune information,1,5,Licence,Licence,Anglais (avancé); Français (avancé),Français (avancé); Anglais (débutant),78.33,0.0,1.0,1.0,0.6666666666666666,0.16,0.54,0.13,0.17
UI/UX Designer,Prototypage; UX Research; Illustrator; Photoshop; Adobe XD,Aucune information,1,0,Master,Master,Français (courant),Français (courant); Anglais (débutant),59.0,0.0,0.0,1.0,1.0,0.13,0.28,0.1,0.49
Developpeur Mobile,Dart; Java; Git; Kotlin; Firebase,Dart,1,2,Bac,Master,Anglais (courant); Français (courant),Français (intermédiaire); Anglais (débutant),58.9,0.2,1.0,1.2,0.375,0.44,0.36,0.08,0.12
UI/UX Designer,UX Research; Photoshop; Adobe XD; Figma; Illustrator; Prototypage,Aucune information,2,3,Bac,Licence,Anglais (débutant); Français (courant),Français (courant); Anglais (intermédiaire),33.4,0.0,1.0,1.2,1.0,0.7,0.07,0.17,0.06
Developpeur Mobile,Kotlin; Flutter; Firebase; Dart,Aucune information,1,4,Licence,Master,Anglais (intermédiaire),Français (avancé),79.4,0.0,1.0,1.2,0.0,0.11,0.71,0.07,0.11
Data Analyst,SQL; Python; Pandas; Data Visualization,Power BI; Excel; Pandas; SQL; Python,3,4,Licence,Master,Anglais (intermédiaire); Français (courant),Français (courant); Anglais (avancé),79.75,0.75,1.0,1.2,1.0,0.85,0.05,0.05,0.05
Content Manager,WordPress; Copywriting; Analytics; Canva; SEO; Content Strategy,Analytics; Canva; Copywriting; WordPress,2,1,Licence,Licence,Français (intermédiaire); Anglais (intermédiaire),Français (intermédiaire); Anglais (intermédiaire),70.5,0.6666666666666666,0.5,1.0,1.0,0.57,0.21,0.09,0.13
Data Analyst,Pandas; SQL; Excel; Power BI; Data Visualization; Python,Python,4,5,Master,Master,Anglais (intermédiaire); Français (avancé),Français (avancé); Anglais (courant),90.0,0.16666666666666666,1.0,1.0,1.0,0.12,0.25,0.3,0.33
Social Media Manager,Facebook; Analytics; LinkedIn; TikTok; Meta Ads,Meta Ads; Instagram; TikTok; Analytics,4,6,Master,Licence,Anglais (intermédiaire),Français (avancé); Anglais (débutant),64.77,0.6,1.0,0.6666666666666666,0.5,0.71,0.13,0.07,0.09
Community Manager,Facebook; Canva; TikTok,Instagram; TikTok,1,6,Licence,Master,Français (avancé); Anglais (débutant),Français (intermédiaire),101.33,0.3333333333333333,1.0,1.2,0.3333333333333333,0.05,0.5,0.4,0.05
Developpeur Mobile,Dart; Kotlin; Git; Firebase; Flutter,Dart; Git,3,0,Bac,Licence,Anglais (avancé),Français (avancé),31.6,0.4,0.0,1.2,0.0,0.4,0.42,0.13,0.05
UI/UX Designer,UX Research; Photoshop; Adobe XD; Prototypage; Figma; Illustrator,Figma; Photoshop,2,5,Licence,Licence,Anglais (avancé),Français (courant); Anglais (débutant),60.0,0.3333333333333333,1.0,1.0,0.3333333333333333,0.36,0.3,0.1,0.24
SEO/SEA,Google Ads; Keyword Research; SEM,SEM; Search Console; Keyword Research,3,4,Master,Bac,Anglais (intermédiaire); Français (intermédiaire),Français (courant),83.17,0.6666666666666666,1.0,0.3333333333333333,0.5,0.3,0.58,0.05,0.07
UI/UX Designer,Adobe XD; Prototypage; Photoshop; Figma; UX Research,Figma; Illustrator; Prototypage; UX Research; Photoshop; Flutter; Canva,1,4,Licence,Bac,Anglais (intermédiaire),Français (courant),78.3,0.8,1.0,0.5,0.0,0.31,0.47,0.13,0.09
Social Media Manager,Facebook; Meta Ads; Analytics,Instagram,2,5,Master,Bac,Anglais (intermédiaire),Français (courant); Anglais (courant),68.33,0.0,1.0,0.3333333333333333,1.0,0.15,0.5,0.25,0.1
Developpeur Web,JavaScript; Laravel; PHP; Git; MySQL; HTML/CSS,PHP,1,6,Master,Master,Français (intermédiaire),Français (courant); Anglais (avancé),32.5,0.16666666666666666,1.0,1.0,1.0,0.81,0.06,0.06,0.07
Developpeur Mobile,Git; Kotlin; Dart; Flutter; Java,Kotlin,4,6,Master,Master,Anglais (courant),Français (courant),39.0,0.2,1.0,1.0,0.0,0.6,0.19,0.08,0.13
Data Analyst,Power BI; Data Visualization; Excel; SQL,Power BI; Python; Data Visualization,1,6,Master,Bac,Anglais (débutant); Français (courant),Français (courant); Anglais (courant),60.67,0.5,1.0,0.3333333333333333,1.0,0.64,0.18,0.11,0.07
Content Manager,WordPress; Content Strategy; Copywriting; Analytics; SEO; Canva,Aucune information,3,2,Bac,Master,Anglais (avancé); Français (courant),Français (avancé),69.47,0.0,0.6666666666666666,1.2,0.375,0.09,0.42,0.28,0.21
Social Media Manager,Meta Ads; Facebook; Instagram; TikTok; Analytics; LinkedIn,Analytics; TikTok; LinkedIn; Facebook; Instagram; Meta Ads,3,4,Licence,Master,Anglais (courant),Français (intermédiaire); Anglais (avancé),99.25,1.0,1.0,1.2,0.75,0.55,0.06,0.2,0.19
Data Analyst,SQL; Excel; Pandas; Power BI; Data Visualization,Python,1,7,Bac,Master,Français (courant),Français (courant); Anglais (débutant),95.2,0.0,1.0,1.2,1.0,0.07,0.66,0.11,0.16
Graphiste,Illustrator; Canva; Branding,Aucune information,1,0,Bac,Licence,Français (courant),Français (courant),86.0,0.0,0.0,1.2,1.0,0.13,0.14,0.65,0.08
Developpeur Web,MySQL; PHP; Git; Laravel,Git; HTML/CSS,2,1,Master,Bac,Français (courant),Français (courant),36.5,0.25,0.5,0.3333333333333333,1.0,0.56,0.11,0.24,0.09
Data Analyst,Python; Pandas; Data Visualization; Excel,Aucune information,1,6,Bac,Master,Français (intermédiaire),Français (avancé); Anglais (intermédiaire),77.0,0.0,1.0,1.2,1.0,0.25,0.27,0.1,0.38
UI/UX Designer,Adobe XD; UX Research; Illustrator; Photoshop; Prototypage; Figma,Figma; Prototypage; UX Research; Illustrator; Adobe XD; Photoshop,2,0,Bac,Master,Anglais (débutant); Français (intermédiaire),Français (courant); Anglais (avancé),51.0,1.0,0.0,1.2,1.0,0.26,0.51,0.1,0.13
Community Manager,Canva; TikTok; Facebook; Analytics; Instagram,Copywriting; Facebook; Analytics,1,2,Master,Master,Anglais (débutant),Français (courant); Anglais (courant),62.8,0.4,1.0,1.0,1.0,0.62,0.12,0.16,0.1
Community Manager,TikTok; Facebook; Instagram; Copywriting,Facebook; Copywriting; Analytics,3,0,Master,Licence,Français (courant),Français (courant); Anglais (courant),50.33,0.5,0.0,0.6666666666666666,1.0,0.84,0.06,0.05,0.05
Developpeur Mobile,Dart; Firebase; Flutter; Git; Java; Kotlin,Dart; Flutter,2,0,Master,Bac,Anglais (avancé); Français (courant),Français (intermédiaire); Anglais (courant),30.5,0.3333333333333333,0.0,0.3333333333333333,0.75,0.69,0.16,0.09,0.06
Developpeur Web,PHP; Git; JavaScript; MySQL; HTML/CSS; Laravel,PHP; JavaScript; MySQL,4,2,Master,Licence,Français (intermédiaire),Français (courant),61.5,0.5,0.5,0.6666666666666666,1.0,0.18,0.49,0.15,0.18
Developpeur Mobile,Dart; Git; Flutter,UX Research,1,2,Master,Bac,Français (avancé),Français (avancé); Anglais (intermédiaire),14.67,0.0,1.0,0.3333333333333333,1.0,0.82,0.08,0.05,0.05
Graphiste,Illustrator; Branding; Canva; Typographie; Photoshop,Typographie; InDesign; Illustrator,1,2,Bac,Licence,Français (avancé),Français (avancé),62.2,0.4,1.0,1.2,1.0,0.68,0.1,0.15,0.07
Graphiste,InDesign; Branding; Photoshop; Canva; Illustrator,Aucune information,4,6,Master,Master,Français (intermédiaire),Français (intermédiaire),49.0,0.0,1.0,1.0,1.0,0.51,0.28,0.05,0.16
Data Analyst,Python; Excel; SQL; Data Visualization,Aucune information,2,0,Master,Licence,Anglais (avancé); Français (avancé),Français (courant); Anglais (débutant),16.0,0.0,0.0,0.6666666666666666,0.6666666666666666,0.58,0.18,0.12,0.12
Developpeur Mobile,Firebase; Java; Git,UX Research,4,5,Bac,Licence,Anglais (avancé); Français (courant),Français (courant); Anglais (débutant),64.0,0.0,1.0,1.2,0.6666666666666666,0.26,0.28,0.1,0.36
Data Analyst,Python; Pandas; Excel; SQL; Data Visualization,Python; Pandas; Power BI; Excel; SQL; Data Visualization,1,4,Licence,Bac,Anglais (débutant); Français (intermédiaire),Français (avancé),87.5,1.0,1.0,0.5,0.5,0.69,0.06,0.1,0.15
Graphiste,Photoshop; InDesign; Branding; Typographie,Canva; Photoshop; InDesign; Illustrator,2,2,Master,Master,Français (intermédiaire),Français (courant),93.5,0.5,1.0,1.0,1.0,0.13,0.61,0.19,0.07
Developpeur Mobile,Java; Firebase; Kotlin; Flutter; Dart,Aucune information,4,3,Bac,Master,Français (avancé); Anglais (avancé),Français (courant),29.75,0.0,0.75,1.2,0.5,0.61,0.27,0.05,0.07
Developpeur Web,MySQL; JavaScript; HTML/CSS,MySQL; HTML/CSS; Git; PHP; JavaScript; Laravel; Communication,1,1,Licence,Bac,Anglais (courant),Français (courant),74.0,1.0,1.0,0.5,0.0,0.34,0.37,0.06,0.23
Data Analyst,Pandas; Excel; Python; Data Visualization; Power BI; SQL,Data Visualization; Python; SQL; Power BI; Copywriting; Dart,3,1,Licence,Bac,Anglais (débutant),Français (courant); Anglais (intermédiaire),56.0,0.6666666666666666,0.3333333333333333,0.5,1.0,0.49,0.34,0.1,0.07
SEO/SEA,Search Console; SEM; Google Analytics,Search Console; Google Analytics; SEM,2,2,Bac,Master,Anglais (intermédiaire); Français (intermédiaire),Français (avancé); Anglais (débutant),99.95,1.0,1.0,1.2,0.75,0.8,0.09,0.06,0.05
Community Manager,Copywriting; Facebook; Analytics; TikTok,Copywriting; Facebook; Instagram; Canva; Analytics; TikTok,2,1,Licence,Master,Français (avancé); Anglais (débutant),Français (intermédiaire); Anglais (débutant),85.43,1.0,0.5,1.2,0.8333333333333333,0.48,0.32,0.13,0.07
Data Analyst,Pandas; Python; Data Visualization; Excel; SQL; Power BI,Excel; Photoshop,3,7,Licence,Licence,Anglais (courant),Français (courant),47.83,0.16666666666666666,1.0,1.0,0.0,0.41,0.3,0.11,0.18
Graphiste,Typographie; Canva; InDesign; Photoshop; Illustrator; Branding,Canva; Illustrator; Branding,3,1,Master,Licence,Français (avancé),Français (intermédiaire),56.0,0.5,0.3333333333333333,0.6666666666666666,0.6666666666666666,0.44,0.1,0.1,0.36
UI/UX Designer,Photoshop; UX Research; Prototypage; Figma; Illustrator,Adobe XD; UX Research; Illustrator; Figma; Photoshop; WordPress,4,4,Licence,Master,Anglais (courant),Français (courant),81.2,0.8,1.0,1.2,0.0,0.69,0.2,0.05,0.06
Developpeur Web,PHP; Laravel; HTML/CSS; Git; JavaScript; MySQL,Aucune information,3,6,Bac,Licence,Français (courant); Anglais (intermédiaire),Français (avancé); Anglais (débutant),33.12,0.0,1.0,1.2,0.625,0.66,0.24,0.05,0.05
Developpeur Web,HTML/CSS; MySQL; Git,Git; Laravel; JavaScript; MySQL; PHP; HTML/CSS,4,4,Master,Master,Anglais (avancé); Français (intermédiaire),Français (courant); Anglais (avancé),100.0,1.0,1.0,1.0,1.0,0.64,0.2,0.09,0.07
Social Media Manager,Instagram; Meta Ads; TikTok; Facebook; LinkedIn; Analytics,TikTok; LinkedIn,4,1,Licence,Bac,Anglais (avancé),Français (intermédiaire); Anglais (débutant),33.25,0.3333333333333333,0.25,0.5,0.3333333333333333,0.52,0.27,0.13,0.08
Data Analyst,Pandas; Data Visualization; Excel; Python; SQL,Power BI; Data Visualization,3,4,Bac,Licence,Anglais (courant),Français (courant),59.4,0.2,1.0,1.2,0.0,0.44,0.17,0.28,0.11
Graphiste,Illustrator; Photoshop; Typographie; InDesign; Branding,Aucune information,1,6,Master,Bac,Français (avancé),Français (courant),56.0,0.0,1.0,0.3333333333333333,1.0,0.18,0.11,0.39,0.32
Community Manager,Analytics; Canva; Instagram; Copywriting; TikTok; Facebook,Aucune information,1,2,Licence,Master,Anglais (débutant); Français (courant),Français (intermédiaire),12.25,0.0,1.0,1.2,0.25,0.85,0.05,0.05,0.05
Developpeur Mobile,Kotlin; Flutter; Firebase; Java,Aucune information,3,5,Licence,Master,Français (intermédiaire); Anglais (courant),Français (intermédiaire); Anglais (avancé),45.95,0.0,1.0,1.2,0.875,0.51,0.09,0.06,0.34
Developpeur Web,Laravel; HTML/CSS; Git,Laravel; Git; HTML/CSS,2,2,Master,Bac,Anglais (débutant),Français (intermédiaire); Anglais (courant),84.67,1.0,1.0,0.3333333333333333,1.0,0.59,0.07,0.23,0.11
Graphiste,Canva; Photoshop; Typographie,Typographie; InDesign; Canva,2,1,Master,Master,Français (intermédiaire),Français (courant),73.83,0.6666666666666666,0.5,1.0,1.0,0.23,0.37,0.35,0.05
Data Analyst,Excel; SQL; Data Visualization; Power BI,Python; SQL; TikTok,4,7,Licence,Licence,Anglais (courant); Français (intermédiaire),Français (avancé); Anglais (avancé),89.0,0.25,1.0,1.0,0.875,0.08,0.23,0.29,0.4
UI/UX Designer,Photoshop; Figma; UX Research; Illustrator; Adobe XD; Prototypage,Photoshop; Prototypage; Git,4,4,Licence,Licence,Français (courant); Anglais (intermédiaire),Français (courant); Anglais (courant),96.67,0.3333333333333333,1.0,1.0,1.0,0.05,0.34,0.15,0.46
SEO/SEA,SEM; Search Console; Google Analytics; SEO; Google Ads; Keyword Research,SEM; Google Ads; Keyword Research,2,6,Licence,Master,Anglais (courant),Français (intermédiaire); Anglais (avancé),92.35,0.5,1.0,1.2,0.75,0.22,0.41,0.28,0.09
Social Media Manager,Meta Ads; Analytics; Facebook; TikTok,Meta Ads; Facebook,1,4,Licence,Bac,Anglais (débutant),Français (avancé); Anglais (courant),55.0,0.5,1.0,0.5,1.0,0.83,0.05,0.07,0.05
Data Analyst,Data Visualization; SQL; Excel; Python; Pandas; Power BI,Aucune information,4,1,Bac,Master,Français (intermédiaire),Français (intermédiaire); Anglais (courant),35.95,0.0,0.25,1.2,1.0,0.35,0.43,0.16,0.06
UI/UX Designer,Photoshop; Figma; Adobe XD; UX Research; Prototypage,Illustrator; Adobe XD; Photoshop; Figma; UX Research; Power BI; WordPress,1,5,Licence,Licence,Anglais (courant),Français (intermédiaire); Anglais (courant),86.2,0.8,1.0,1.0,1.0,0.69,0.07,0.16,0.08
UI/UX Designer,UX Research; Prototypage; Illustrator,UX Research; Figma; Photoshop; Adobe XD,2,0,Master,Licence,Anglais (intermédiaire); Français (courant),Français (intermédiaire),38.58,0.3333333333333333,0.0,0.6666666666666666,0.25,0.23,0.05,0.31,0.41
SEO/SEA,SEM; SEO; Google Ads; Search Console; Google Analytics,Aucune information,4,5,Licence,Licence,Anglais (avancé),Français (courant),47.0,0.0,1.0,1.0,0.0,0.45,0.34,0.13,0.08
Developpeur Mobile,Dart; Java; Flutter; Kotlin; Git; Firebase,Dart; Flutter,3,1,Licence,Licence,Anglais (intermédiaire),Français (intermédiaire); Anglais (intermédiaire),58.67,0.3333333333333333,0.3333333333333333,1.0,1.0,0.28,0.34,0.06,0.32
SEO/SEA,Keyword Research; Search Console; Google Ads; SEO; SEM; Google Analytics,Search Console; Keyword Research,4,6,Licence,Bac,Français (courant); Anglais (avancé),Français (intermédiaire); Anglais (débutant),45.0,0.3333333333333333,1.0,0.5,0.41666666666666663,0.47,0.07,0.38,0.08
Data Analyst,Pandas; Power BI; Excel; Data Visualization; Python; SQL,Data Visualization; Python; Power BI,4,2,Master,Master,Français (courant); Anglais (débutant),Français (intermédiaire),49.25,0.5,0.5,1.0,0.25,0.49,0.24,0.08,0.19
Chef de projet digital,Agile; ClickUp; Gestion de projet,Agile; Asana; Communication,2,4,Master,Master,Français (avancé); Anglais (débutant),Français (courant),74.83,0.3333333333333333,1.0,1.0,0.5,0.1,0.28,0.25,0.37
Social Media Manager,Meta Ads; Instagram; Analytics; LinkedIn; Facebook,TikTok,3,5,Master,Bac,Anglais (courant); Français (avancé),Français (avancé); Anglais (courant),65.67,0.0,1.0,0.3333333333333333,1.0,0.27,0.55,0.11,0.07
Social Media Manager,Instagram; Analytics; LinkedIn; Facebook; TikTok; Meta Ads,Facebook; Analytics,2,4,Bac,Bac,Anglais (intermédiaire),Français (courant); Anglais (débutant),62.33,0.3333333333333333,1.0,1.0,0.5,0.49,0.36,0.05,0.1
Graphiste,Typographie; Photoshop; Illustrator; Canva; InDesign,Canva; InDesign; Illustrator; Photoshop,4,0,Master,Master,Français (courant),Français (avancé),60.05,0.8,0.0,1.0,0.75,0.61,0.26,0.06,0.07
UI/UX Designer,Prototypage; Figma; Adobe XD; Photoshop; Illustrator,Figma,3,1,Master,Bac,Anglais (courant); Français (intermédiaire),Français (avancé),32.27,0.2,0.3333333333333333,0.3333333333333333,0.5,0.28,0.19,0.37,0.16
UI/UX Designer,Illustrator; Figma; Photoshop; Prototypage,Photoshop; Prototypage,1,1,Bac,Master,Anglais (courant); Français (intermédiaire),Français (intermédiaire); Anglais (intermédiaire),76.6,0.5,1.0,1.2,0.75,0.35,0.18,0.13,0.34
Chef de projet digital,Asana; Gestion de projet; Communication; ClickUp; Agile,ClickUp; Communication; Asana; Gestion de projet; Search Console,2,5,Bac,Bac,Français (intermédiaire); Anglais (débutant),Français (courant); Anglais (courant),90.0,0.8,1.0,1.0,1.0,0.5,0.19,0.11,0.2
Chef de projet digital,Communication; ClickUp; Scrum; Asana; Agile,ClickUp,4,3,Licence,Bac,Français (avancé),Français (courant); Anglais (avancé),71.15,0.2,0.75,0.5,1.0,0.22,0.11,0.17,0.5
Social Media Manager,Meta Ads; Facebook; TikTok; Analytics; Instagram,Analytics; Facebook,4,6,Licence,Bac,Anglais (débutant),Français (courant),52.3,0.4,1.0,0.5,0.0,0.42,0.22,0.27,0.09
Chef de projet digital,Scrum; ClickUp; Agile; Gestion de projet; Communication; Asana,Aucune information,2,1,Master,Bac,Français (intermédiaire),Français (courant); Anglais (avancé),17.33,0.0,0.5,0.3333333333333333,1.0,0.75,0.06,0.07,0.12
Developpeur Mobile,Dart; Java; Flutter; Kotlin; Firebase,Kotlin; Flutter; Java; Illustrator; Pandas,2,2,Master,Bac,Français (avancé); Anglais (débutant),Français (courant); Anglais (courant),71.07,0.6,1.0,0.3333333333333333,1.0,0.54,0.24,0.11,0.11
Content Manager,Analytics; Content Strategy; Canva; WordPress,Canva; Content Strategy,1,0,Licence,Master,Anglais (courant); Français (courant),Français (intermédiaire),30.0,0.5,0.0,1.2,0.25,0.4,0.39,0.05,0.16
Developpeur Mobile,Kotlin; Flutter; Dart; Git,Firebase; Git; Flutter; Kotlin; Java,1,5,Bac,Master,Français (avancé),Français (avancé),95.25,0.75,1.0,1.2,1.0,0.35,0.14,0.2,0.31
UI/UX Designer,Figma; Illustrator; Photoshop; UX Research; Adobe XD,Adobe XD; Photoshop; UX Research; Figma; Illustrator; Prototypage,2,2,Master,Bac,Anglais (intermédiaire); Français (avancé),Français (courant); Anglais (avancé),96.0,1.0,1.0,0.3333333333333333,1.0,0.75,0.14,0.06,0.05
Social Media Manager,Analytics; Instagram; Facebook; TikTok; Meta Ads; LinkedIn,TikTok,2,4,Master,Master,Anglais (intermédiaire); Français (intermédiaire),Français (courant),33.83,0.16666666666666666,1.0,1.0,0.5,0.65,0.05,0.06,0.24
Data Analyst,Excel; SQL; Power BI; Pandas,Power BI,1,5,Bac,Master,Anglais (débutant),Français (avancé); Anglais (débutant),70.3,0.25,1.0,1.2,1.0,0.42,0.44,0.09,0.05
Developpeur Web,HTML/CSS; PHP; MySQL; JavaScript; Git,MySQL,4,3,Licence,Master,Anglais (débutant); Français (intermédiaire),Français (intermédiaire); Anglais (débutant),31.75,0.2,0.75,1.2,1.0,0.85,0.05,0.05,0.05
Content Manager,Content Strategy; Analytics; Canva; Copywriting; SEO; WordPress,Canva; Copywriting; WordPress; Analytics; Content Strategy,2,6,Licence,Licence,Anglais (débutant); Français (intermédiaire),Français (intermédiaire),82.83,0.8333333333333334,1.0,1.0,0.5,0.25,0.38,0.11,0.26
Developpeur Web,JavaScript; Laravel; MySQL; Git,MySQL; PHP; JavaScript; Laravel; Git,2,3,Master,Licence,Français (intermédiaire),Français (courant); Anglais (intermédiaire),98.33,1.0,1.0,0.6666666666666666,1.0,0.81,0.08,0.05,0.06
UI/UX Designer,Adobe XD; Photoshop; Prototypage; Figma,Aucune information,2,1,Bac,Master,Anglais (courant),Français (courant); Anglais (courant),53.2,0.0,0.5,1.2,1.0,0.08,0.8,0.06,0.06
Chef de projet digital,Asana; Agile; ClickUp; Communication,ClickUp; Communication; Scrum; Agile; Gestion de projet,4,6,Master,Licence,Anglais (courant),Français (intermédiaire),74.67,0.75,1.0,0.6666666666666666,0.0,0.52,0.23,0.19,0.06
SEO/SEA,Google Analytics; SEM; SEO,Google Analytics; Search Console,2,0,Master,Master,Français (courant),Français (avancé); Anglais (intermédiaire),24.25,0.3333333333333333,0.0,1.0,0.75,0.33,0.51,0.05,0.11
Developpeur Mobile,Dart; Git; Kotlin; Flutter,Kotlin; Dart; Git; Facebook,2,5,Licence,Licence,Français (courant); Anglais (avancé),Français (avancé); Anglais (courant),83.62,0.75,1.0,1.0,0.875,0.5,0.05,0.14,0.31
UI/UX Designer,UX Research; Prototypage; Figma; Adobe XD; Illustrator; Photoshop,Adobe XD; Prototypage,1,5,Master,Licence,Français (intermédiaire); Anglais (courant),Français (avancé); Anglais (courant),87.0,0.3333333333333333,1.0,0.6666666666666666,1.0,0.14,0.52,0.11,0.23
Developpeur Web,Git; MySQL; PHP; JavaScript; Laravel,Laravel; Git; JavaScript; MySQL; PHP; HTML/CSS; Scrum; Branding,3,1,Licence,Master,Anglais (débutant); Français (avancé),Français (intermédiaire),87.27,1.0,0.3333333333333333,1.2,0.3333333333333333,0.64,0.14,0.13,0.09
Developpeur Web,MySQL; PHP; JavaScript; Laravel; HTML/CSS; Git,HTML/CSS; MySQL,1,0,Master,Master,Anglais (intermédiaire); Français (avancé),Français (intermédiaire); Anglais (intermédiaire),35.5,0.3333333333333333,0.0,1.0,0.8333333333333333,0.42,0.35,0.14,0.09
SEO/SEA,SEM; Google Analytics; Keyword Research,SEO; Keyword Research; SEM; Search Console; Google Analytics,1,1,Master,Master,Anglais (débutant),Français (avancé); Anglais (courant),100.0,1.0,1.0,1.0,1.0,0.66,0.17,0.07,0.1
Community Manager,Canva; Copywriting; Instagram; TikTok; Analytics,Copywriting,1,5,Bac,Bac,Anglais (courant); Français (intermédiaire),Français (courant); Anglais (courant),78.4,0.2,1.0,1.0,1.0,0.27,0.13,0.35,0.25
Community Manager,Canva; Facebook; Instagram; TikTok; Analytics; Copywriting,Copywriting; Analytics,4,6,Bac,Bac,Anglais (courant),Français (courant),50.67,0.3333333333333333,1.0,1.0,0.0,0.23,0.06,0.37,0.34
Content Manager,SEO; Canva; Copywriting; Content Strategy; WordPress; Analytics,WordPress; Canva; Agile,1,1,Master,Licence,Français (avancé); Anglais (débutant),Français (intermédiaire); Anglais (intermédiaire),72.17,0.3333333333333333,1.0,0.6666666666666666,0.8333333333333333,0.23,0.22,0.2,0.35
Social Media Manager,Instagram; Analytics; Facebook,Analytics; Meta Ads; LinkedIn; TikTok; Instagram,3,2,Bac,Master,Anglais (avancé),Français (avancé); Anglais (courant),98.87,0.6666666666666666,0.6666666666666666,1.2,1.0,0.28,0.06,0.51,0.15
Social Media Manager,TikTok; Analytics; LinkedIn; Facebook; Instagram,LinkedIn; Facebook,4,4,Bac,Bac,Anglais (débutant),Français (courant); Anglais (débutant),56.8,0.4,1.0,1.0,1.0,0.72,0.16,0.06,0.06
Developpeur Mobile,Kotlin; Java; Firebase; Dart,Java,3,4,Licence,Licence,Anglais (débutant); Français (intermédiaire),Français (courant); Anglais (courant),56.5,0.25,1.0,1.0,1.0,0.58,0.16,0.12,0.14
Developpeur Web,JavaScript; Git; Laravel; HTML/CSS; PHP,Laravel; HTML/CSS; PHP,4,1,Master,Bac,Français (intermédiaire),Français (intermédiaire),55.47,0.6,0.25,0.3333333333333333,1.0,0.73,0.16,0.05,0.06
SEO/SEA,Google Ads; SEM; Google Analytics; Search Console; Keyword Research,SEM; Search Console; Keyword Research; Google Ads; Google Analytics; SEO,1,1,Master,Licence,Anglais (intermédiaire); Français (avancé),Français (intermédiaire); Anglais (débutant),85.75,1.0,1.0,0.6666666666666666,0.5833333333333333,0.13,0.47,0.29,0.11
Social Media Manager,Analytics; Instagram; Facebook; Meta Ads; TikTok; LinkedIn,Meta Ads,4,0,Bac,Master,Français (avancé),Français (avancé); Anglais (débutant),63.93,0.16666666666666666,0.0,1.2,1.0,0.38,0.09,0.23,0.3
Social Media Manager,Instagram; Meta Ads; LinkedIn; TikTok,Meta Ads; Instagram; Analytics; LinkedIn,1,6,Licence,Bac,Anglais (avancé),Français (intermédiaire); Anglais (avancé),76.5,0.75,1.0,0.5,1.0,0.8,0.08,0.07,0.05
UI/UX Designer,Figma; UX Research; Adobe XD; Photoshop; Illustrator,Prototypage; Figma; Photoshop,4,1,Bac,Bac,Français (avancé); Anglais (avancé),Français (intermédiaire); Anglais (intermédiaire),64.0,0.4,0.25,1.0,0.6666666666666666,0.05,0.32,0.36,0.27
Developpeur Web,JavaScript; Git; HTML/CSS; PHP; Laravel; MySQL,HTML/CSS; PHP; MySQL,1,6,Master,Master,Anglais (courant),Français (courant),59.5,0.5,1.0,1.0,0.0,0.41,0.21,0.18,0.2
Data Analyst,Power BI; Python; Pandas; Data Visualization; SQL; Excel,Power BI,2,5,Licence,Master,Anglais (avancé); Français (avancé),Français (intermédiaire),86.5,0.16666666666666666,1.0,1.2,0.3333333333333333,0.11,0.76,0.05,0.08
Chef de projet digital,Asana; Communication; Gestion de projet; ClickUp,Agile; Scrum; Gestion de projet; Asana,4,3,Licence,Licence,Anglais (avancé); Français (intermédiaire),Français (avancé); Anglais (avancé),60.5,0.5,0.75,1.0,1.0,0.76,0.06,0.08,0.1
UI/UX Designer,Illustrator; UX Research; Photoshop; Figma; Prototypage,Adobe XD; Figma; UX Research; Photoshop; Illustrator,2,2,Master,Licence,Anglais (avancé); Français (courant),Français (intermédiaire),76.52,0.8,1.0,0.6666666666666666,0.25,0.22,0.37,0.28,0.13
Chef de projet digital,Asana; Scrum; Communication; ClickUp,ClickUp,3,0,Licence,Master,Français (courant); Anglais (intermédiaire),Français (courant),54.25,0.25,0.0,1.2,0.5,0.39,0.14,0.3,0.17
Community Manager,Instagram; Analytics; TikTok; Canva,Canva; Copywriting; Facebook,1,6,Master,Master,Anglais (intermédiaire),Français (intermédiaire),71.25,0.25,1.0,1.0,0.0,0.25,0.26,0.39,0.1
Developpeur Web,HTML/CSS; PHP; MySQL; Git; JavaScript; Laravel,HTML/CSS; Laravel,1,5,Bac,Bac,Français (intermédiaire); Anglais (débutant),Français (courant); Anglais (débutant),79.33,0.3333333333333333,1.0,1.0,1.0,0.31,0.27,0.12,0.3
Developpeur Web,JavaScript; MySQL; PHP; HTML/CSS; Git,Laravel,1,4,Bac,Licence,Français (intermédiaire); Anglais (débutant),Français (intermédiaire); Anglais (intermédiaire),39.6,0.0,1.0,1.2,1.0,0.63,0.16,0.13,0.08
Developpeur Web,HTML/CSS; PHP; Laravel; Git; JavaScript,JavaScript; Laravel; Git; HTML/CSS,4,4,Bac,Licence,Français (avancé); Anglais (courant),Français (courant),86.4,0.8,1.0,1.2,0.5,0.54,0.32,0.06,0.08
Chef de projet digital,Gestion de projet; Communication; ClickUp; Agile,Gestion de projet; ClickUp,3,4,Licence,Licence,Anglais (intermédiaire); Français (avancé),Français (avancé),88.0,0.5,1.0,1.0,0.5,0.19,0.68,0.08,0.05
Community Manager,Analytics; Canva; Facebook; Copywriting; Instagram,Facebook,1,5,Licence,Licence,Anglais (intermédiaire); Français (avancé),Français (avancé); Anglais (courant),81.6,0.2,1.0,1.0,1.0,0.23,0.05,0.08,0.64
Data Analyst,SQL; Python; Data Visualization; Pandas,Aucune information,3,3,Master,Master,Anglais (débutant); Français (intermédiaire),Français (avancé),19.5,0.0,1.0,1.0,0.5,0.74,0.05,0.08,0.13
Graphiste,Illustrator; Typographie; Branding; Canva; InDesign; Photoshop,InDesign; Typographie; Illustrator; Canva; Branding; Photoshop,3,2,Bac,Licence,Français (courant),Français (intermédiaire),91.83,1.0,0.6666666666666666,1.2,0.5,0.34,0.23,0.3,0.13
Content Manager,Canva; WordPress; Analytics; Content Strategy; SEO; Copywriting,Analytics,2,2,Licence,Licence,Français (avancé); Anglais (courant),Français (avancé); Anglais (débutant),34.58,0.16666666666666666,1.0,1.0,0.625,0.74,0.1,0.06,0.1
SEO/SEA,Keyword Research; Search Console; Google Ads; SEO; SEM,Google Analytics,3,5,Bac,Master,Français (avancé),Français (avancé); Anglais (intermédiaire),85.6,0.0,1.0,1.2,1.0,0.17,0.58,0.13,0.12
SEO/SEA,Google Ads; Google Analytics; SEM; SEO; Keyword Research; Search Console,Aucune information,3,5,Licence,Bac,Anglais (avancé); Français (courant),Français (courant); Anglais (avancé),73.5,0.0,1.0,0.5,1.0,0.13,0.44,0.27,0.16
UI/UX Designer,Prototypage; Photoshop; Adobe XD; UX Research,Prototypage; Photoshop; UX Research; Illustrator,1,6,Licence,Master,Anglais (avancé),Français (intermédiaire),81.3,0.75,1.0,1.2,0.0,0.54,0.06,0.29,0.11
Social Media Manager,Analytics; Instagram; Meta Ads; LinkedIn; TikTok; Facebook,Meta Ads; Facebook; TikTok; Canva,4,3,Licence,Licence,Français (avancé); Anglais (intermédiaire),Français (avancé),69.0,0.5,0.75,1.0,0.5,0.27,0.4,0.18,0.15
Data Analyst,Python; Pandas; Power BI; Data Visualization; SQL,Python; Pandas; Data Visualization; Excel; HTML/CSS; SEO,4,7,Licence,Master,Français (avancé); Anglais (avancé),Français (intermédiaire),88.53,0.6,1.0,1.2,0.3333333333333333,0.12,0.65,0.1,0.13
Developpeur Mobile,Firebase; Git; Java; Kotlin; Flutter; Dart,Aucune information,1,2,Bac,Bac,Anglais (intermédiaire); Français (avancé),Français (courant); Anglais (courant),74.0,0.0,1.0,1.0,1.0,0.26,0.31,0.31,0.12
Developpeur Web,MySQL; Git; Laravel; JavaScript,JavaScript; MySQL; Laravel; PHP; HTML/CSS; Git,2,0,Master,Bac,Anglais (courant); Français (avancé),Français (avancé); Anglais (débutant),71.12,1.0,0.0,0.3333333333333333,0.625,0.66,0.23,0.06,0.05
UI/UX Designer,Figma; Photoshop; Prototypage; UX Research; Illustrator,Adobe XD; UX Research,2,0,Licence,Bac,Anglais (courant),Français (avancé),21.5,0.2,0.0,0.5,0.0,0.65,0.12,0.17,0.06
SEO/SEA,SEM; Google Ads; Search Console,SEM,1,0,Licence,Bac,Anglais (débutant); Français (courant),Français (intermédiaire),36.0,0.3333333333333333,0.0,0.5,0.25,0.33,0.13,0.46,0.08
Content Manager,SEO; Analytics; WordPress,SEO,4,6,Master,Master,Anglais (débutant); Français (avancé),Français (avancé); Anglais (courant),54.67,0.3333333333333333,1.0,1.0,1.0,0.68,0.15,0.07,0.1
Developpeur Mobile,Flutter; Kotlin; Git; Dart; Firebase; Java,Kotlin; Firebase; Dart; Java; Flutter; Git,3,0,Licence,Licence,Français (avancé); Anglais (avancé),Français (intermédiaire),23.67,1.0,0.0,1.0,0.3333333333333333,0.13,0.71,0.08,0.08
UI/UX Designer,Adobe XD; Prototypage; Figma; Illustrator,Adobe XD; Photoshop; Prototypage; Illustrator,2,1,Bac,Licence,Français (intermédiaire); Anglais (intermédiaire),Français (courant); Anglais (avancé),67.55,0.75,0.5,1.2,1.0,0.07,0.65,0.09,0.19
UI/UX Designer,Figma; Adobe XD; UX Research; Prototypage; Illustrator,Aucune information,3,2,Licence,Bac,Anglais (courant); Français (intermédiaire),Français (courant),8.33,0.0,0.6666666666666666,0.5,0.5,0.85,0.05,0.05,0.05
UI/UX Designer,Figma; Prototypage; Illustrator; Photoshop; UX Research; Adobe XD,Figma; UX Research; Illustrator,1,3,Bac,Master,Français (avancé); Anglais (intermédiaire),Français (avancé); Anglais (débutant),61.5,0.5,1.0,1.2,0.75,0.76,0.13,0.05,0.06
Developpeur Web,Git; HTML/CSS; MySQL; PHP; Laravel,HTML/CSS; JavaScript; Laravel; Photoshop; Canva,3,1,Master,Bac,Anglais (intermédiaire),Français (intermédiaire),35.93,0.4,0.3333333333333333,0.3333333333333333,0.0,0.74,0.09,0.1,0.07
SEO/SEA,Keyword Research; SEO; Google Ads; Search Console; SEM,Keyword Research; Search Console; Google Analytics; SEO; Google Ads,2,5,Master,Bac,Anglais (intermédiaire); Français (avancé),Français (intermédiaire); Anglais (débutant),77.2,0.8,1.0,0.3333333333333333,0.5833333333333333,0.24,0.37,0.07,0.32
SEO/SEA,Google Ads; Search Console; SEO,SEM,2,4,Master,Licence,Français (courant),Français (avancé); Anglais (avancé),43.67,0.0,1.0,0.6666666666666666,0.75,0.43,0.08,0.13,0.36
Content Manager,Canva; SEO; Analytics; Copywriting; Content Strategy; WordPress,Copywriting,1,6,Master,Licence,Anglais (avancé); Français (intermédiaire),Français (intermédiaire),51.83,0.16666666666666666,1.0,0.6666666666666666,0.5,0.42,0.29,0.08,0.21
Developpeur Mobile,Java; Firebase; Flutter; Dart; Kotlin,Git,1,0,Master,Master,Français (courant),Français (courant),13.0,0.0,0.0,1.0,1.0,0.79,0.08,0.05,0.08
Social Media Manager,LinkedIn; Analytics; Facebook; TikTok; Meta Ads,Analytics; Instagram; Facebook; LinkedIn; Meta Ads; TikTok,4,4,Master,Master,Français (courant),Français (intermédiaire); Anglais (courant),83.0,1.0,1.0,1.0,0.5,0.49,0.06,0.11,0.34
Data Analyst,Data Visualization; Pandas; SQL; Power BI,Data Visualization; SQL; Power BI; Python; Pandas; Excel,2,6,Bac,Licence,Français (intermédiaire),Français (intermédiaire); Anglais (avancé),101.0,1.0,1.0,1.2,1.0,0.81,0.09,0.05,0.05
Chef de projet digital,Asana; Scrum; Communication; Agile; ClickUp; Gestion de projet,ClickUp; Scrum; Gestion de projet; Communication; Agile; Asana,3,2,Bac,Master,Français (courant),Français (avancé); Anglais (intermédiaire),96.95,1.0,0.6666666666666666,1.2,0.75,0.17,0.09,0.41,0.33
Graphiste,Photoshop; Illustrator; InDesign; Typographie; Branding,Illustrator; InDesign; Branding,1,4,Master,Licence,Français (intermédiaire),Français (courant),68.87,0.6,1.0,0.6666666666666666,1.0,0.42,0.09,0.43,0.06
Content Manager,SEO; Canva; Copywriting; WordPress; Analytics; Content Strategy,Copywriting; WordPress; Canva,1,1,Master,Master,Anglais (intermédiaire); Français (intermédiaire),Français (intermédiaire),68.0,0.5,1.0,1.0,0.5,0.46,0.3,0.06,0.18
Community Manager,Copywriting; Facebook; Analytics; TikTok,Aucune information,3,6,Bac,Licence,Anglais (avancé); Français (avancé),Français (avancé),13.5,0.0,1.0,1.2,0.5,0.85,0.05,0.05,0.05
Community Manager,Canva; TikTok; Copywriting; Facebook; Analytics,Copywriting,1,2,Master,Bac,Français (avancé); Anglais (avancé),Français (avancé),41.8,0.2,1.0,0.3333333333333333,0.5,0.39,0.12,0.15,0.34
Content Manager,Content Strategy; Analytics; Canva; WordPress; Copywriting; SEO,Analytics; Content Strategy; Canva; SEO,1,0,Bac,Licence,Anglais (intermédiaire),Français (courant); Anglais (débutant),47.47,0.6666666666666666,0.0,1.2,0.5,0.49,0.34,0.09,0.08
Chef de projet digital,ClickUp; Communication; Agile,Asana; Agile; Communication; Scrum; Gestion de projet,2,4,Master,Licence,Français (intermédiaire),Français (intermédiaire),86.33,0.6666666666666666,1.0,0.6666666666666666,1.0,0.34,0.23,0.07,0.36
Graphiste,Canva; Photoshop; InDesign; Illustrator; Typographie,InDesign; Illustrator; Canva; Photoshop; Branding; Typographie,2,5,Bac,Bac,Français (intermédiaire),Français (avancé),100.0,1.0,1.0,1.0,1.0,0.62,0.1,0.08,0.2
Community Manager,Analytics; Facebook; Canva,TikTok,3,3,Master,Licence,Français (intermédiaire); Anglais (courant),Français (avancé); Anglais (courant),19.67,0.0,1.0,0.6666666666666666,1.0,0.78,0.06,0.07,0.09
Social Media Manager,Instagram; TikTok; Facebook; LinkedIn,Meta Ads; Facebook; Instagram; Asana; Python,2,3,Master,Licence,Anglais (avancé); Français (intermédiaire),Français (avancé); Anglais (débutant),54.33,0.5,1.0,0.6666666666666666,0.6666666666666666,0.84,0.05,0.06,0.05
Social Media Manager,Instagram; LinkedIn; Facebook; TikTok; Analytics; Meta Ads,Instagram; TikTok; Facebook; Analytics; Photoshop; Illustrator,3,1,Bac,Licence,Français (avancé); Anglais (avancé),Français (courant); Anglais (débutant),53.33,0.6666666666666666,0.3333333333333333,1.2,0.6666666666666666,0.42,0.48,0.05,0.05
Developpeur Web,Laravel; PHP; Git; HTML/CSS; MySQL,JavaScript; Git; MySQL; HTML/CSS; Laravel,2,2,Licence,Licence,Anglais (avancé),Français (courant); Anglais (courant),98.2,0.8,1.0,1.0,1.0,0.09,0.37,0.23,0.31
Data Analyst,Python; SQL; Excel; Power BI; Data Visualization,Pandas; SQL; Excel; Power BI; Python; Data Visualization,2,0,Bac,Licence,Anglais (débutant); Français (avancé),Français (avancé); Anglais (avancé),95.0,1.0,0.0,1.2,1.0,0.82,0.06,0.05,0.07
SEO/SEA,Google Ads; SEO; SEM,Google Analytics; SEO; Search Console; SEM; Google Ads,1,5,Licence,Bac,Français (courant); Anglais (avancé),Français (intermédiaire),92.25,1.0,1.0,0.5,0.25,0.68,0.19,0.08,0.05
UI/UX Designer,Adobe XD; Illustrator; Photoshop; Prototypage; UX Research; Figma,Figma; Prototypage; UX Research; Photoshop; Adobe XD; Illustrator,2,0,Master,Master,Français (avancé); Anglais (débutant),Français (avancé); Anglais (courant),83.0,1.0,0.0,1.0,1.0,0.41,0.17,0.35,0.07
UI/UX Designer,Adobe XD; Prototypage; UX Research; Figma,Agile,1,5,Master,Master,Français (intermédiaire); Anglais (avancé),Français (avancé); Anglais (débutant),48.33,0.0,1.0,1.0,0.6666666666666666,0.44,0.16,0.17,0.23
Chef de projet digital,Asana; Scrum; Agile; Gestion de projet,Figma,3,3,Bac,Licence,Anglais (courant); Français (intermédiaire),Français (avancé),73.8,0.0,1.0,1.2,0.5,0.13,0.41,0.14,0.32
Chef de projet digital,Gestion de projet; Asana; Agile,PHP; InDesign,1,6,Master,Licence,Anglais (courant),Français (intermédiaire); Anglais (débutant),22.25,0.0,1.0,0.6666666666666666,0.25,0.58,0.09,0.12,0.21
Social Media Manager,Instagram; Analytics; LinkedIn,Aucune information,2,1,Master,Master,Anglais (intermédiaire),Français (courant); Anglais (courant),14.0,0.0,0.5,1.0,1.0,0.82,0.08,0.05,0.05
Chef de projet digital,Gestion de projet; Scrum; ClickUp; Agile,Agile; Asana,1,8,Master,Bac,Anglais (débutant),Français (intermédiaire),45.92,0.25,1.0,0.3333333333333333,0.0,0.37,0.29,0.23,0.11
Content Manager,Content Strategy; Copywriting; Canva; Analytics,SEO; Copywriting; Figma,4,6,Licence,Licence,Français (courant),Français (intermédiaire); Anglais (avancé),55.25,0.25,1.0,1.0,0.5,0.53,0.25,0.12,0.1
Chef de projet digital,Gestion de projet; Agile; Asana,Scrum; ClickUp,4,4,Master,Master,Anglais (débutant),Français (avancé); Anglais (intermédiaire),95.0,0.0,1.0,1.0,1.0,0.05,0.17,0.07,0.71
Developpeur Mobile,Flutter; Git; Kotlin; Dart; Firebase; Java,Flutter,3,4,Licence,Master,Français (courant); Anglais (avancé),Français (intermédiaire),69.78,0.16666666666666666,1.0,1.2,0.25,0.23,0.42,0.16,0.19
Social Media Manager,Meta Ads; Facebook; Analytics,Facebook; LinkedIn; Instagram; TikTok,3,5,Licence,Bac,Anglais (intermédiaire),Français (courant),35.17,0.3333333333333333,1.0,0.5,0.0,0.8,0.06,0.05,0.09
UI/UX Designer,UX Research; Photoshop; Figma; Prototypage,Aucune information,2,1,Licence,Master,Français (intermédiaire),Français (avancé); Anglais (intermédiaire),51.4,0.0,0.5,1.2,1.0,0.44,0.2,0.27,0.09
Graphiste,Illustrator; Canva; Typographie; Branding; InDesign,Typographie; InDesign; Canva; Branding,1,6,Bac,Master,Français (intermédiaire),Français (intermédiaire),87.0,0.8,1.0,1.2,1.0,0.7,0.16,0.05,0.09
Community Manager,Analytics; Facebook; Canva; Instagram; TikTok; Copywriting,Aucune information,2,3,Licence,Bac,Français (courant); Anglais (débutant),Français (courant),21.5,0.0,1.0,0.5,0.5,0.69,0.12,0.13,0.06
Developpeur Mobile,Dart; Git; Flutter,Kotlin; Git; Firebase; Java; Dart,2,4,Master,Licence,Français (avancé); Anglais (courant),Français (intermédiaire); Anglais (intermédiaire),78.25,0.6666666666666666,1.0,0.6666666666666666,0.5833333333333333,0.48,0.36,0.11,0.05
Graphiste,Branding; Canva; Illustrator,Photoshop; Typographie; Illustrator; Kotlin,2,0,Master,Master,Français (courant),Français (courant),37.33,0.3333333333333333,0.0,1.0,1.0,0.82,0.08,0.05,0.05
SEO/SEA,SEM; Google Ads; Search Console; Google Analytics; SEO,Google Analytics,2,2,Bac,Bac,Français (intermédiaire); Anglais (débutant),Français (courant); Anglais (avancé),54.4,0.2,1.0,1.0,1.0,0.57,0.23,0.13,0.07
Developpeur Web,Git; Laravel; MySQL; HTML/CSS; PHP; JavaScript,HTML/CSS; Git; PHP; Laravel; JavaScript,2,4,Master,Master,Anglais (avancé),Français (avancé); Anglais (intermédiaire),84.33,0.8333333333333334,1.0,1.0,0.6666666666666666,0.76,0.05,0.1,0.09
Data Analyst,Python; Data Visualization; Pandas; SQL; Power BI,Python,2,0,Master,Licence,Anglais (avancé); Français (avancé),Français (intermédiaire); Anglais (courant),17.53,0.2,0.0,0.6666666666666666,0.8333333333333333,0.06,0.72,0.12,0.1
SEO/SEA,Google Ads; SEO; Keyword Research,Keyword Research; SEM; Search Console; Google Analytics; SEO,1,4,Master,Licence,Anglais (avancé); Français (intermédiaire),Français (courant); Anglais (intermédiaire),80.17,0.6666666666666666,1.0,0.6666666666666666,0.8333333333333333,0.29,0.34,0.24,0.13
UI/UX Designer,Prototypage; Photoshop; Adobe XD; Figma; Illustrator; UX Research,Figma; Illustrator; Photoshop; UX Research; Prototypage,4,5,Licence,Master,Anglais (intermédiaire),Français (courant),83.83,0.8333333333333334,1.0,1.2,0.0,0.73,0.17,0.05,0.05
Social Media Manager,LinkedIn; Analytics; Meta Ads; Instagram,TikTok; LinkedIn; Adobe XD; Illustrator,4,1,Licence,Master,Anglais (intermédiaire); Français (courant),Français (courant); Anglais (courant),33.5,0.25,0.25,1.2,1.0,0.1,0.8,0.05,0.05
Content Manager,Canva; Content Strategy; Analytics; SEO; Copywriting,Aucune information,2,3,Licence,Licence,Anglais (débutant),Français (avancé),80.0,0.0,1.0,1.0,0.0,0.15,0.75,0.05,0.05
Developpeur Web,Laravel; MySQL; HTML/CSS; JavaScript,Aucune information,4,3,Master,Master,Français (avancé); Anglais (intermédiaire),Français (courant),11.25,0.0,0.75,1.0,0.5,0.85,0.05,0.05,0.05
Content Manager,Analytics; Canva; SEO; WordPress,Canva; Copywriting; WordPress; Content Strategy; Analytics; SEO,4,6,Licence,Bac,Français (courant); Anglais (avancé),Français (avancé); Anglais (débutant),82.92,1.0,1.0,0.5,0.5416666666666666,0.57,0.08,0.25,0.1
Social Media Manager,Analytics; Instagram; Meta Ads; LinkedIn,Analytics; Instagram,1,0,Licence,Master,Anglais (courant); Français (courant),Français (courant); Anglais (intermédiaire),27.25,0.5,0.0,1.2,0.75,0.32,0.56,0.05,0.07
SEO/SEA,Keyword Research; Search Console; SEM,Aucune information,2,1,Master,Licence,Anglais (avancé); Français (avancé),Français (avancé); Anglais (avancé),24.83,0.0,0.5,0.6666666666666666,1.0,0.64,0.19,0.05,0.12
SEO/SEA,SEM; Search Console; Google Ads; SEO; Keyword Research; Google Analytics,Keyword Research; Google Analytics; Search Console; SEO; Google Ads,2,4,Licence,Licence,Anglais (courant),Français (avancé),87.17,0.8333333333333334,1.0,1.0,0.0,0.11,0.16,0.62,0.11
Graphiste,InDesign; Photoshop; Typographie; Canva; Illustrator,InDesign; Illustrator,1,4,Master,Bac,Français (courant),Français (courant),68.8,0.4,1.0,0.3333333333333333,1.0,0.42,0.36,0.09,0.13
UI/UX Designer,UX Research; Adobe XD; Photoshop,UX Research; Illustrator,3,2,Licence,Master,Anglais (avancé); Français (avancé),Français (avancé); Anglais (débutant),71.13,0.3333333333333333,0.6666666666666666,1.2,0.6666666666666666,0.09,0.48,0.14,0.29
Content Manager,Copywriting; Canva; SEO,Canva; Copywriting; Content Strategy; Analytics; SEO,4,2,Licence,Bac,Français (intermédiaire); Anglais (débutant),Français (avancé),54.5,1.0,0.5,0.5,0.5,0.09,0.73,0.13,0.05
Graphiste,InDesign; Typographie; Photoshop; Illustrator; Canva; Branding,Photoshop,1,1,Bac,Master,Français (courant),Français (courant),40.57,0.16666666666666666,1.0,1.2,1.0,0.73,0.14,0.07,0.06
Developpeur Mobile,Flutter; Kotlin; Firebase,Flutter; Kotlin; Dart; Java,1,0,Bac,Bac,Anglais (courant); Français (avancé),Français (avancé); Anglais (avancé),39.92,0.6666666666666666,0.0,1.0,0.875,0.43,0.45,0.06,0.06
SEO/SEA,Google Ads; SEO; Keyword Research; Search Console,Google Ads; SEM; Search Console; Keyword Research; Google Analytics; SEO,3,4,Master,Bac,Anglais (courant),Français (avancé); Anglais (intermédiaire),93.17,1.0,1.0,0.3333333333333333,0.5,0.63,0.25,0.05,0.07
UI/UX Designer,UX Research; Figma; Prototypage; Illustrator,UX Research; Prototypage; Photoshop,2,4,Licence,Master,Français (intermédiaire),Français (intermédiaire); Anglais (intermédiaire),98.1,0.5,1.0,1.2,1.0,0.07,0.18,0.08,0.67
Social Media Manager,Meta Ads; Facebook; TikTok; Instagram,TikTok; Facebook; LinkedIn; Copywriting; PHP,2,5,Bac,Master,Français (courant),Français (avancé); Anglais (intermédiaire),87.2,0.5,1.0,1.2,0.75,0.23,0.61,0.06,0.1
Social Media Manager,Meta Ads; TikTok; Analytics,LinkedIn; TikTok,4,5,Licence,Bac,Anglais (débutant); Français (avancé),Français (courant); Anglais (débutant),81.0,0.3333333333333333,1.0,0.5,1.0,0.21,0.61,0.1,0.08
Social Media Manager,LinkedIn; Analytics; TikTok; Instagram; Meta Ads; Facebook,Facebook; Instagram; TikTok,4,6,Bac,Master,Anglais (débutant),Français (courant); Anglais (courant),94.3,0.5,1.0,1.2,1.0,0.17,0.63,0.14,0.06
SEO/SEA,Google Ads; Keyword Research; Search Console; SEO,Google Analytics; Google Ads; Java,1,2,Bac,Master,Anglais (avancé); Français (courant),Français (intermédiaire); Anglais (courant),58.25,0.25,1.0,1.2,0.75,0.55,0.34,0.05,0.06
Content Manager,Canva; Analytics; SEO; Content Strategy; WordPress; Copywriting,SEO,1,3,Bac,Bac,Anglais (intermédiaire); Français (intermédiaire),Français (avancé); Anglais (débutant),79.25,0.16666666666666666,1.0,1.0,0.75,0.15,0.28,0.24,0.33
UI/UX Designer,UX Research; Photoshop; Illustrator; Prototypage; Figma,UX Research; Adobe XD; Photoshop; Illustrator; Prototypage; Figma; TikTok,2,1,Master,Bac,Anglais (intermédiaire); Français (avancé),Français (courant),82.5,1.0,0.5,0.3333333333333333,0.5,0.68,0.13,0.09,0.1
Social Media Manager,TikTok; Meta Ads; Analytics; LinkedIn; Instagram; Facebook,Instagram; LinkedIn; Meta Ads; Facebook; Analytics; TikTok,2,1,Licence,Master,Français (intermédiaire),Français (avancé); Anglais (débutant),97.0,1.0,0.5,1.2,1.0,0.82,0.08,0.05,0.05
Chef de projet digital,Agile; ClickUp; Gestion de projet; Communication; Scrum,Scrum,2,5,Licence,Licence,Anglais (intermédiaire),Français (courant),74.8,0.2,1.0,1.0,0.0,0.24,0.65,0.05,0.06
UI/UX Designer,Photoshop; Illustrator; UX Research; Prototypage; Figma,Figma; Adobe XD; Photoshop; UX Research; Prototypage,2,6,Master,Bac,Anglais (avancé),Français (courant); Anglais (débutant),65.6,0.8,1.0,0.3333333333333333,0.3333333333333333,0.52,0.12,0.05,0.31
Community Manager,Facebook; Canva; Analytics,Canva; Copywriting; Instagram; TikTok; Analytics,3,0,Licence,Licence,Anglais (avancé),Français (courant); Anglais (débutant),60.33,0.6666666666666666,0.0,1.0,0.3333333333333333,0.72,0.09,0.09,0.1
Content Manager,Copywriting; SEO; Content Strategy; Canva; WordPress; Analytics,Analytics; Canva,1,5,Licence,Licence,Anglais (intermédiaire); Français (courant),Français (courant); Anglais (intermédiaire),69.33,0.3333333333333333,1.0,1.0,1.0,0.46,0.19,0.25,0.1
Social Media Manager,Analytics; TikTok; Meta Ads,Facebook; Analytics; Instagram; Java; Power BI,1,1,Master,Bac,Français (intermédiaire),Français (courant),58.67,0.3333333333333333,1.0,0.3333333333333333,1.0,0.56,0.06,0.06,0.32
Developpeur Mobile,Firebase; Flutter; Git; Dart; Java; Kotlin,Dart; Git; Kotlin; Flutter; Java; Firebase; SQL; Search Console,4,0,Master,Bac,Français (courant),Français (intermédiaire); Anglais (avancé),51.67,1.0,0.0,0.3333333333333333,0.5,0.15,0.06,0.17,0.62
Developpeur Web,Laravel; HTML/CSS; JavaScript,HTML/CSS; Git; PHP; MySQL; Laravel; JavaScript; Excel; TikTok,2,4,Master,Bac,Anglais (intermédiaire); Français (intermédiaire),Français (intermédiaire); Anglais (courant),90.0,1.0,1.0,0.3333333333333333,1.0,0.69,0.09,0.15,0.07
Graphiste,Branding; Canva; Photoshop; Illustrator,Illustrator; Typographie; Photoshop,1,5,Master,Master,Français (intermédiaire),Français (courant),69.5,0.5,1.0,1.0,1.0,0.61,0.23,0.11,0.05
Data Analyst,Pandas; Power BI; SQL; Python; Data Visualization,Aucune information,3,7,Bac,Bac,Anglais (courant); Français (intermédiaire),Français (avancé); Anglais (intermédiaire),21.75,0.0,1.0,1.0,0.75,0.77,0.09,0.09,0.05
SEO/SEA,Google Ads; SEO; Keyword Research; Search Console,Keyword Research; Google Analytics; Google Ads; Search Console; SEM; SEO,1,5,Master,Master,Français (courant),Français (intermédiaire); Anglais (débutant),80.5,1.0,1.0,1.0,0.5,0.14,0.12,0.35,0.39
Data Analyst,Excel; Python; SQL,Power BI; Excel; Data Visualization; SQL; Python,2,7,Licence,Master,Anglais (débutant),Français (courant); Anglais (courant),101.6,1.0,1.0,1.2,1.0,0.15,0.72,0.08,0.05
Content Manager,WordPress; Analytics; Content Strategy,Canva; Content Strategy; SEO; Adobe XD,1,5,Licence,Bac,Anglais (courant),Français (courant),42.67,0.3333333333333333,1.0,0.5,0.0,0.56,0.17,0.14,0.13
Community Manager,Analytics; Facebook; TikTok; Copywriting; Canva; Instagram,Analytics; Facebook; Canva; Copywriting; TikTok; Illustrator,2,6,Licence,Master,Français (courant); Anglais (avancé),Français (intermédiaire),85.53,0.8333333333333334,1.0,1.2,0.25,0.67,0.21,0.06,0.06
Developpeur Web,PHP; Laravel; JavaScript; HTML/CSS; Git; MySQL,Laravel; PHP; JavaScript,1,6,Bac,Licence,Anglais (avancé); Français (avancé),Français (intermédiaire),88.0,0.5,1.0,1.2,0.3333333333333333,0.06,0.09,0.55,0.3
Community Manager,Analytics; TikTok; Instagram,Copywriting; Canva; Analytics; Facebook; TikTok; Instagram,2,4,Master,Licence,Français (intermédiaire); Anglais (courant),Français (avancé); Anglais (avancé),93.38,1.0,1.0,0.6666666666666666,0.875,0.56,0.21,0.18,0.05
UI/UX Designer,UX Research; Photoshop; Adobe XD; Illustrator; Prototypage,Photoshop; Adobe XD,4,6,Bac,Licence,Anglais (débutant); Français (intermédiaire),Français (intermédiaire),58.9,0.4,1.0,1.2,0.5,0.68,0.16,0.11,0.05
SEO/SEA,Keyword Research; Google Analytics; Google Ads,Aucune information,3,6,Licence,Master,Anglais (courant); Français (courant),Français (intermédiaire); Anglais (débutant),68.42,0.0,1.0,1.2,0.375,0.19,0.16,0.34,0.31
UI/UX Designer,Adobe XD; Illustrator; Figma; UX Research,Figma; Photoshop; Adobe XD; Prototypage; Copywriting; Canva,1,3,Master,Bac,Français (avancé),Français (intermédiaire); Anglais (intermédiaire),48.33,0.5,1.0,0.3333333333333333,0.6666666666666666,0.34,0.11,0.49,0.06
SEO/SEA,Google Ads; Keyword Research; Google Analytics; SEM; Search Console; SEO,SEO; Keyword Research; Search Console; Google Ads; SEM,2,5,Master,Licence,Français (avancé); Anglais (débutant),Français (avancé); Anglais (débutant),89.17,0.8333333333333334,1.0,0.6666666666666666,1.0,0.23,0.07,0.21,0.49
Graphiste,Illustrator; Photoshop; Branding,Typographie; Meta Ads,1,0,Licence,Licence,Français (avancé),Français (courant),32.0,0.0,0.0,1.0,1.0,0.37,0.31,0.08,0.24
SEO/SEA,Search Console; Keyword Research; Google Analytics,Keyword Research; Search Console; SEM,3,4,Licence,Bac,Français (courant); Anglais (avancé),Français (intermédiaire),47.25,0.6666666666666666,1.0,0.5,0.25,0.06,0.18,0.25,0.51
Social Media Manager,Facebook; TikTok; LinkedIn; Instagram; Analytics,Facebook; LinkedIn; Analytics,4,4,Master,Bac,Anglais (débutant); Français (avancé),Français (courant); Anglais (débutant),71.87,0.6,1.0,0.3333333333333333,1.0,0.42,0.2,0.17,0.21
SEO/SEA,Google Ads; Keyword Research; SEM; SEO; Search Console,Aucune information,3,4,Master,Master,Français (courant); Anglais (avancé),Français (courant),45.5,0.0,1.0,1.0,0.5,0.5,0.11,0.3,0.09
Developpeur Mobile,Git; Firebase; Kotlin; Java,Git,1,1,Licence,Bac,Anglais (intermédiaire),Français (courant); Anglais (débutant),41.0,0.25,1.0,0.5,0.5,0.68,0.16,0.08,0.08
Developpeur Mobile,Flutter; Dart; Git; Java,Aucune information,2,1,Bac,Licence,Français (courant); Anglais (avancé),Français (courant),42.0,0.0,0.5,1.2,0.5,0.23,0.63,0.05,0.09
Chef de projet digital,Communication; ClickUp; Agile; Gestion de projet,ClickUp; Asana; Communication; Excel; Typographie,2,8,Bac,Bac,Français (intermédiaire),Français (courant); Anglais (avancé),65.5,0.5,1.0,1.0,1.0,0.69,0.12,0.05,0.14
SEO/SEA,SEO; Search Console; Keyword Research; Google Ads; Google Analytics; SEM,Aucune information,4,4,Master,Bac,Français (avancé),Français (courant),74.33,0.0,1.0,0.3333333333333333,1.0,0.15,0.08,0.16,0.61
Data Analyst,Pandas; Excel; Power BI; Python; Data Visualization,SQL,4,6,Bac,Bac,Français (intermédiaire),Français (courant); Anglais (débutant),33.0,0.0,1.0,1.0,1.0,0.67,0.09,0.05,0.19
Developpeur Web,JavaScript; MySQL; PHP,Laravel; HTML/CSS; Git; JavaScript; MySQL; PHP; Search Console,3,5,Bac,Master,Français (courant); Anglais (débutant),Français (avancé); Anglais (intermédiaire),98.78,1.0,1.0,1.2,0.875,0.42,0.17,0.12,0.29
UI/UX Designer,Figma; Illustrator; UX Research; Photoshop,Photoshop; Illustrator; Figma; Adobe XD; Prototypage; UX Research,2,0,Bac,Bac,Anglais (courant); Français (courant),Français (courant),88.5,1.0,0.0,1.0,0.5,0.76,0.08,0.09,0.07
Chef de projet digital,Communication; Scrum; ClickUp; Asana,Gestion de projet; Asana; ClickUp; Agile,4,0,Master,Licence,Français (courant),Français (avancé); Anglais (courant),35.92,0.5,0.0,0.6666666666666666,0.75,0.49,0.35,0.07,0.09
UI/UX Designer,Photoshop; UX Research; Illustrator,Illustrator; Prototypage,3,6,Licence,Master,Anglais (avancé); Français (intermédiaire),Français (intermédiaire); Anglais (courant),59.2,0.3333333333333333,1.0,1.2,1.0,0.63,0.16,0.06,0.15
Content Manager,Canva; Copywriting; WordPress; Content Strategy,Copywriting; Analytics; Content Strategy; Canva; WordPress,4,2,Licence,Bac,Anglais (avancé),Français (avancé); Anglais (intermédiaire),83.17,1.0,0.5,0.5,0.6666666666666666,0.57,0.06,0.09,0.28
Graphiste,Branding; Canva; InDesign; Illustrator; Typographie,Typographie,2,5,Master,Master,Français (avancé),Français (intermédiaire),57.8,0.2,1.0,1.0,0.6666666666666666,0.49,0.12,0.3,0.09
Graphiste,Branding; Typographie; Illustrator; Photoshop; Canva; InDesign,Canva; InDesign; Illustrator; Typographie; Branding,2,4,Master,Licence,Français (courant),Français (avancé),76.25,0.8333333333333334,1.0,0.6666666666666666,0.75,0.07,0.1,0.22,0.61
UI/UX Designer,Prototypage; Figma; Photoshop; UX Research; Adobe XD,Photoshop; Illustrator; Prototypage; UX Research; Adobe XD; Figma,4,3,Bac,Master,Français (avancé),Français (avancé),91.0,1.0,0.75,1.2,1.0,0.21,0.4,0.05,0.34
Chef de projet digital,ClickUp; Asana; Agile; Communication; Gestion de projet; Scrum,Agile; Gestion de projet,3,2,Bac,Bac,Français (courant),Français (avancé),65.58,0.3333333333333333,0.6666666666666666,1.0,0.75,0.16,0.57,0.08,0.19
Developpeur Web,PHP; HTML/CSS; MySQL,JavaScript,3,6,Licence,Licence,Français (courant); Anglais (débutant),Français (avancé),81.38,0.0,1.0,1.0,0.375,0.13,0.72,0.06,0.09
Graphiste,Photoshop; Branding; InDesign; Typographie,Photoshop,2,4,Licence,Licence,Français (intermédiaire),Français (courant),78.25,0.25,1.0,1.0,1.0,0.29,0.56,0.05,0.1
Developpeur Mobile,Git; Dart; Java; Kotlin,Instagram; LinkedIn,2,4,Bac,Master,Anglais (débutant),Français (avancé),81.2,0.0,1.0,1.2,0.0,0.09,0.62,0.16,0.13
Graphiste,Photoshop; Canva; Branding,Aucune information,4,2,Bac,Bac,Français (avancé),Français (intermédiaire),33.33,0.0,0.5,1.0,0.6666666666666666,0.51,0.24,0.14,0.11
Data Analyst,Excel; Python; Power BI; Data Visualization; SQL,Data Visualization; Scrum; Facebook,4,2,Master,Licence,Anglais (courant),Français (courant); Anglais (courant),68.07,0.2,0.5,0.6666666666666666,1.0,0.07,0.18,0.52,0.23
SEO/SEA,Google Ads; Google Analytics; Search Console; SEM; Keyword Research,Search Console; SEO; SEM,1,2,Master,Licence,Français (intermédiaire),Français (courant); Anglais (débutant),61.47,0.4,1.0,0.6666666666666666,1.0,0.57,0.09,0.13,0.21
Chef de projet digital,Agile; ClickUp; Asana; Scrum; Communication; Gestion de projet,Gestion de projet,3,8,Licence,Bac,Français (avancé); Anglais (intermédiaire),Français (avancé),70.5,0.16666666666666666,1.0,0.5,0.5,0.15,0.51,0.24,0.1
Developpeur Web,PHP; Laravel; HTML/CSS; MySQL,Laravel; MySQL; HTML/CSS,1,2,Licence,Bac,Anglais (avancé),Français (courant); Anglais (débutant),68.25,0.75,1.0,0.5,0.3333333333333333,0.31,0.31,0.08,0.3
Data Analyst,SQL; Python; Pandas,Python,2,3,Licence,Master,Anglais (avancé); Français (courant),Français (courant),77.37,0.3333333333333333,1.0,1.2,0.5,0.32,0.57,0.06,0.05
Developpeur Mobile,Dart; Java; Flutter; Kotlin; Firebase,Flutter; Firebase; Dart; Git; Kotlin; Java,2,1,Bac,Bac,Français (intermédiaire),Français (courant); Anglais (intermédiaire),93.5,1.0,0.5,1.0,1.0,0.76,0.13,0.06,0.05
Content Manager,Content Strategy; Copywriting; Canva; WordPress; SEO,Analytics,2,0,Master,Bac,Français (courant),Français (courant),59.67,0.0,0.0,0.3333333333333333,1.0,0.07,0.28,0.08,0.57
Community Manager,Copywriting; Canva; Analytics; TikTok; Instagram; Facebook,Copywriting,3,1,Master,Bac,Anglais (débutant); Français (intermédiaire),Français (courant); Anglais (avancé),37.83,0.16666666666666666,0.3333333333333333,0.3333333333333333,1.0,0.13,0.72,0.05,0.1
Community Manager,Copywriting; Canva; Analytics,Instagram; Facebook; Analytics,4,5,Licence,Bac,Français (courant); Anglais (avancé),Français (intermédiaire); Anglais (courant),63.92,0.3333333333333333,1.0,0.5,0.75,0.08,0.08,0.39,0.45
UI/UX Designer,Illustrator; Adobe XD; Prototypage; Figma; Photoshop,Illustrator; Photoshop; Adobe XD; UX Research; Figma,4,0,Licence,Bac,Anglais (avancé); Français (avancé),Français (courant),57.6,0.8,0.0,0.5,0.5,0.57,0.19,0.06,0.18
Social Media Manager,TikTok; LinkedIn; Meta Ads,Aucune information,4,6,Bac,Licence,Anglais (avancé); Français (courant),Français (avancé); Anglais (débutant),92.61,0.0,1.0,1.2,0.5416666666666666,0.1,0.21,0.52,0.17
Community Manager,Facebook; Analytics; Instagram; TikTok,Copywriting; TikTok; Facebook; Instagram; Analytics,3,4,Bac,Licence,Français (intermédiaire),Français (avancé); Anglais (courant),104.0,1.0,1.0,1.2,1.0,0.08,0.52,0.2,0.2
Social Media Manager,Meta Ads; Analytics; Facebook,LinkedIn,4,5,Licence,Licence,Français (courant); Anglais (débutant),Français (avancé),76.88,0.0,1.0,1.0,0.375,0.15,0.6,0.12,0.13
UI/UX Designer,Figma; Prototypage; Illustrator; Adobe XD,Figma; Adobe XD; Photoshop; TikTok,4,6,Bac,Bac,Français (avancé),Français (intermédiaire); Anglais (intermédiaire),64.67,0.5,1.0,1.0,0.6666666666666666,0.58,0.12,0.11,0.19
Graphiste,Photoshop; Illustrator; Typographie,Canva,3,1,Master,Master,Français (intermédiaire),Français (courant),13.33,0.0,0.3333333333333333,1.0,1.0,0.82,0.07,0.05,0.06
Developpeur Mobile,Firebase; Java; Kotlin; Dart; Git; Flutter,Java; Dart; Kotlin; Flutter; Git; Firebase,3,4,Master,Licence,Anglais (courant),Français (intermédiaire); Anglais (courant),86.67,1.0,1.0,0.6666666666666666,1.0,0.19,0.34,0.4,0.07
Content Manager,Copywriting; WordPress; SEO; Analytics; Content Strategy,Content Strategy; Analytics; Copywriting; SEO; Canva,2,2,Bac,Licence,Français (avancé); Anglais (courant),Français (courant); Anglais (débutant),95.4,0.8,1.0,1.2,0.625,0.3,0.4,0.22,0.08
Chef de projet digital,Asana; Agile; ClickUp,Agile; Asana; Gestion de projet,4,7,Licence,Licence,Anglais (avancé),Français (intermédiaire),80.33,0.6666666666666666,1.0,1.0,0.0,0.11,0.58,0.15,0.16
Graphiste,Canva; Illustrator; InDesign; Photoshop; Typographie; Branding,Photoshop; Typographie; Branding; Canva; InDesign; Illustrator,2,3,Master,Bac,Français (intermédiaire),Français (courant),96.0,1.0,1.0,0.3333333333333333,1.0,0.59,0.06,0.06,0.29
Developpeur Web,Laravel; PHP; HTML/CSS; Git; MySQL; JavaScript,PHP; HTML/CSS,1,0,Bac,Bac,Anglais (débutant),Français (avancé); Anglais (courant),39.0,0.3333333333333333,0.0,1.0,1.0,0.84,0.05,0.06,0.05
UI/UX Designer,Illustrator; Figma; Photoshop; UX Research; Adobe XD; Prototypage,Photoshop; Adobe XD; Figma; Prototypage,3,5,Bac,Licence,Anglais (intermédiaire),Français (intermédiaire); Anglais (débutant),77.33,0.6666666666666666,1.0,1.2,0.5,0.32,0.16,0.2,0.32
UI/UX Designer,Illustrator; Photoshop; Prototypage; Adobe XD; UX Research; Figma,Adobe XD; UX Research; Figma; Dart; Git,2,0,Licence,Licence,Français (avancé); Anglais (intermédiaire),Français (intermédiaire); Anglais (avancé),48.17,0.5,0.0,1.0,0.8333333333333333,0.61,0.19,0.06,0.14
Social Media Manager,Meta Ads; Instagram; LinkedIn; Analytics; TikTok,Facebook; TikTok; Instagram; LinkedIn; Analytics,1,0,Master,Bac,Français (intermédiaire); Anglais (débutant),Français (courant),43.9,0.8,0.0,0.3333333333333333,0.5,0.43,0.35,0.09,0.13
UI/UX Designer,Illustrator; UX Research; Photoshop; Adobe XD; Figma; Prototypage,Adobe XD; Photoshop; Illustrator; Figma; UX Research; Prototypage,4,1,Master,Master,Français (intermédiaire); Anglais (courant),Français (courant); Anglais (intermédiaire),71.25,1.0,0.25,1.0,0.75,0.2,0.2,0.05,0.55
Graphiste,Canva; Photoshop; Branding; InDesign,Photoshop; Typographie,3,6,Master,Master,Français (intermédiaire),Français (intermédiaire),68.5,0.25,1.0,1.0,1.0,0.42,0.37,0.07,0.14
UI/UX Designer,UX Research; Prototypage; Photoshop; Illustrator; Adobe XD,Prototypage; UX Research; Photoshop; Illustrator; Adobe XD; Laravel,2,3,Licence,Master,Anglais (courant),Français (avancé); Anglais (avancé),100.35,1.0,1.0,1.2,0.75,0.2,0.58,0.13,0.09
SEO/SEA,Keyword Research; Search Console; Google Ads; SEM; SEO; Google Analytics,Keyword Research; Google Analytics; SEM; Google Ads; SEO,3,0,Licence,Bac,Français (avancé),Français (avancé),46.67,0.8333333333333334,0.0,0.5,1.0,0.2,0.35,0.3,0.15
SEO/SEA,SEM; SEO; Keyword Research,Keyword Research; SEO; SEM; Google Analytics; Search Console; Google Ads,3,6,Master,Bac,Français (courant); Anglais (courant),Français (avancé),80.67,1.0,1.0,0.3333333333333333,0.375,0.6,0.1,0.14,0.16
Social Media Manager,Meta Ads; Instagram; Facebook; TikTok,Pandas; Prototypage,4,1,Bac,Master,Français (avancé); Anglais (intermédiaire),Français (intermédiaire); Anglais (intermédiaire),18.17,0.0,0.25,1.2,0.8333333333333333,0.58,0.32,0.05,0.05
UI/UX Designer,Adobe XD; UX Research; Photoshop; Figma; Prototypage; Illustrator,Figma; Adobe XD; UX Research; Prototypage; Illustrator; Photoshop,1,2,Bac,Bac,Français (courant),Français (intermédiaire); Anglais (débutant),95.5,1.0,1.0,1.0,0.5,0.63,0.08,0.2,0.09
Data Analyst,Power BI; Pandas; Excel,Power BI,1,4,Licence,Master,Anglais (intermédiaire),Français (courant); Anglais (intermédiaire),87.73,0.3333333333333333,1.0,1.2,1.0,0.25,0.31,0.22,0.22
Developpeur Mobile,Dart; Kotlin; Firebase,Kotlin; Firebase; Flutter; Dart; Java; Git; SEO; Canva,2,3,Master,Bac,Anglais (avancé),Français (intermédiaire); Anglais (avancé),86.67,1.0,1.0,0.3333333333333333,1.0,0.46,0.16,0.2,0.18
Chef de projet digital,Communication; Scrum; ClickUp,Aucune information,4,0,Licence,Master,Anglais (intermédiaire); Français (courant),Français (avancé); Anglais (intermédiaire),12.45,0.0,0.0,1.2,0.875,0.49,0.39,0.06,0.06
Social Media Manager,Analytics; Facebook; TikTok; Instagram; Meta Ads; LinkedIn,LinkedIn; Meta Ads; TikTok,1,6,Master,Master,Français (intermédiaire),Français (courant); Anglais (intermédiaire),65.5,0.5,1.0,1.0,1.0,0.69,0.2,0.05,0.06
SEO/SEA,SEO; Search Console; Keyword Research; Google Ads; SEM,SEM; SEO,3,2,Licence,Bac,Anglais (intermédiaire),Français (courant); Anglais (intermédiaire),81.33,0.4,0.6666666666666666,0.5,1.0,0.05,0.23,0.16,0.56
Developpeur Web,MySQL; HTML/CSS; Laravel,SEO,1,2,Bac,Licence,Anglais (débutant),Français (courant),58.6,0.0,1.0,1.2,0.0,0.38,0.31,0.23,0.08
Graphiste,Illustrator; Photoshop; InDesign,Typographie; InDesign; Photoshop; Illustrator,3,0,Master,Licence,Français (courant),Français (intermédiaire),75.17,1.0,0.0,0.6666666666666666,0.5,0.62,0.17,0.16,0.05
Social Media Manager,Analytics; Facebook; Instagram; Meta Ads; TikTok,TikTok; LinkedIn; Facebook; Instagram; Meta Ads; Analytics,1,1,Bac,Master,Français (intermédiaire); Anglais (avancé),Français (avancé),98.6,1.0,1.0,1.2,0.5,0.56,0.09,0.23,0.12
Developpeur Web,Laravel; HTML/CSS; JavaScript; MySQL; PHP; Git,Laravel; PHP; Git; JavaScript,1,3,Master,Bac,Français (courant); Anglais (débutant),Français (courant),63.67,0.6666666666666666,1.0,0.3333333333333333,0.5,0.6,0.09,0.05,0.26
UI/UX Designer,Prototypage; Illustrator; Photoshop; Adobe XD; Figma; UX Research,Prototypage; Adobe XD; Photoshop,4,4,Licence,Bac,Français (avancé); Anglais (avancé),Français (intermédiaire),60.0,0.5,1.0,0.5,0.3333333333333333,0.34,0.28,0.14,0.24
Graphiste,Typographie; Photoshop; Illustrator; Branding,Illustrator,1,0,Master,Master,Français (intermédiaire),Français (avancé),53.75,0.25,0.0,1.0,1.0,0.55,0.05,0.08,0.32
Graphiste,Typographie; Photoshop; Canva,Illustrator,1,6,Licence,Bac,Français (courant),Français (courant),75.5,0.0,1.0,0.5,1.0,0.19,0.19,0.11,0.51
SEO/SEA,Search Console; Keyword Research; Google Analytics; Google Ads; SEO; SEM,SEM; Google Analytics; Search Console,2,3,Licence,Licence,Français (avancé); Anglais (avancé),Français (intermédiaire); Anglais (courant),57.83,0.5,1.0,1.0,0.8333333333333333,0.82,0.06,0.05,0.07
Chef de projet digital,Scrum; ClickUp; Agile; Communication; Gestion de projet,Agile; ClickUp; Communication; Asana; Scrum; Gestion de projet,3,3,Licence,Licence,Anglais (courant),Français (intermédiaire); Anglais (débutant),94.75,1.0,1.0,1.0,0.25,0.07,0.76,0.1,0.07
Chef de projet digital,Asana; Scrum; ClickUp; Agile; Gestion de projet; Communication,Gestion de projet; Scrum; Agile; Communication,1,8,Bac,Licence,Anglais (débutant); Français (avancé),Français (avancé),69.97,0.6666666666666666,1.0,1.2,0.5,0.67,0.05,0.09,0.19
Data Analyst,Data Visualization; Power BI; Python; Pandas; Excel,Power BI; Pandas; Python; Data Visualization; Excel,2,6,Licence,Master,Français (intermédiaire); Anglais (débutant),Français (intermédiaire); Anglais (intermédiaire),101.0,1.0,1.0,1.2,1.0,0.84,0.06,0.05,0.05
UI/UX Designer,UX Research; Photoshop; Illustrator,Prototypage; UX Research; Photoshop; Figma; Adobe XD,3,1,Master,Bac,Français (intermédiaire); Anglais (avancé),Français (avancé); Anglais (débutant),54.67,0.6666666666666666,0.3333333333333333,0.3333333333333333,0.6666666666666666,0.34,0.06,0.3,0.3
Chef de projet digital,Gestion de projet; Asana; ClickUp; Agile,Aucune information,4,2,Master,Bac,Français (courant),Français (intermédiaire); Anglais (débutant),29.83,0.0,0.5,0.3333333333333333,0.5,0.24,0.17,0.49,0.1
Chef de projet digital,Gestion de projet; Agile; Communication; Asana; Scrum; ClickUp,Agile; Communication,2,6,Master,Bac,Français (intermédiaire),Français (courant),46.67,0.3333333333333333,1.0,0.3333333333333333,1.0,0.69,0.15,0.11,0.05
Chef de projet digital,Agile; Asana; Scrum; Gestion de projet,Communication; Asana; Scrum,1,0,Bac,Licence,Français (avancé); Anglais (intermédiaire),Français (intermédiaire),41.07,0.5,0.0,1.2,0.3333333333333333,0.62,0.26,0.07,0.05
SEO/SEA,SEO; Search Console; Google Ads; Google Analytics; SEM,Search Console; Google Ads; SEO; Google Analytics; Agile; Laravel,1,5,Licence,Licence,Anglais (avancé); Français (avancé),Français (courant); Anglais (courant),85.8,0.8,1.0,1.0,1.0,0.71,0.1,0.08,0.11
Developpeur Web,Laravel; HTML/CSS; JavaScript; PHP,JavaScript,3,5,Licence,Master,Anglais (intermédiaire),Français (intermédiaire); Anglais (avancé),94.05,0.25,1.0,1.2,1.0,0.21,0.25,0.49,0.05
SEO/SEA,Search Console; SEO; Google Ads; SEM,Aucune information,4,5,Bac,Licence,Anglais (débutant),Français (avancé); Anglais (avancé),94.8,0.0,1.0,1.2,1.0,0.1,0.12,0.24,0.54
Developpeur Mobile,Git; Flutter; Kotlin; Java,Java; Kotlin; Dart; Git; Firebase; Flutter,2,6,Licence,Licence,Anglais (intermédiaire); Français (intermédiaire),Français (courant); Anglais (courant),100.0,1.0,1.0,1.0,1.0,0.65,0.1,0.05,0.2
Graphiste,Illustrator; Canva; InDesign,Branding; Photoshop; Illustrator; Typographie; InDesign; Canva,4,3,Master,Master,Français (intermédiaire),Français (courant),91.5,1.0,0.75,1.0,1.0,0.38,0.34,0.1,0.18
UI/UX Designer,Prototypage; Adobe XD; UX Research,Prototypage,2,2,Bac,Master,Français (avancé),Français (intermédiaire); Anglais (débutant),48.67,0.3333333333333333,1.0,1.2,0.6666666666666666,0.7,0.08,0.05,0.17
Social Media Manager,Instagram; Facebook; LinkedIn; Analytics,Instagram; Meta Ads; LinkedIn; Facebook,2,5,Bac,Master,Français (intermédiaire),Français (intermédiaire); Anglais (intermédiaire),95.25,0.75,1.0,1.2,1.0,0.27,0.29,0.1,0.34
UI/UX Designer,Photoshop; Figma; Prototypage; Illustrator; UX Research,Adobe XD; Prototypage; Photoshop; SEO,1,6,Master,Bac,Français (courant),Français (avancé); Anglais (intermédiaire),79.08,0.4,1.0,0.3333333333333333,0.75,0.05,0.5,0.16,0.29
Social Media Manager,Analytics; Meta Ads; Facebook,Meta Ads; TikTok; Analytics; Instagram; Facebook; LinkedIn,2,1,Licence,Master,Anglais (avancé); Français (intermédiaire),Français (avancé),73.1,1.0,0.5,1.2,0.5,0.35,0.17,0.08,0.4
Community Manager,Copywriting; Facebook; Instagram; Analytics; Canva; TikTok,Facebook; Analytics; Copywriting; Illustrator,3,3,Licence,Licence,Français (courant); Anglais (débutant),Français (avancé); Anglais (courant),63.88,0.5,1.0,1.0,0.875,0.7,0.16,0.05,0.09
Data Analyst,Pandas; SQL; Power BI; Data Visualization; Python,SQL; Excel; Pandas; Power BI; Content Strategy,2,2,Licence,Master,Anglais (courant),Français (intermédiaire); Anglais (courant),78.4,0.6,1.0,1.2,1.0,0.57,0.3,0.06,0.07
Developpeur Web,PHP; Git; Laravel; HTML/CSS; JavaScript; MySQL,Aucune information,3,0,Bac,Licence,Français (avancé),Français (intermédiaire); Anglais (débutant),37.33,0.0,0.0,1.2,0.6666666666666666,0.4,0.24,0.25,0.11
Data Analyst,Excel; Data Visualization; SQL,Data Visualization; SQL; Python,4,3,Licence,Bac,Français (intermédiaire),Français (courant),69.75,0.6666666666666666,0.75,0.5,1.0,0.63,0.27,0.05,0.05
SEO/SEA,Search Console; Google Ads; Google Analytics; Keyword Research; SEM,Search Console; Google Ads; Google Analytics; SEM; Keyword Research; SEO; HTML/CSS,2,3,Bac,Bac,Anglais (courant),Français (avancé),77.0,1.0,1.0,1.0,0.0,0.55,0.08,0.14,0.23
SEO/SEA,Google Analytics; Search Console; Keyword Research; SEO,Keyword Research; Google Ads,2,6,Licence,Master,Anglais (intermédiaire),Français (courant); Anglais (débutant),44.45,0.25,1.0,1.2,0.5,0.67,0.14,0.06,0.13
SEO/SEA,SEM; Google Analytics; Keyword Research; Search Console; SEO,Keyword Research,2,4,Master,Bac,Anglais (débutant),Français (avancé),24.07,0.2,1.0,0.3333333333333333,0.0,0.82,0.05,0.08,0.05
UI/UX Designer,Prototypage; Figma; Photoshop; UX Research; Adobe XD; Illustrator,Photoshop; Branding; Scrum,3,2,Bac,Master,Français (courant),Français (courant); Anglais (avancé),44.83,0.16666666666666666,0.6666666666666666,1.2,1.0,0.61,0.16,0.05,0.18
UI/UX Designer,Figma; UX Research; Illustrator,Adobe XD; UX Research; Figma; Photoshop,4,3,Master,Bac,Français (avancé),Français (intermédiaire); Anglais (avancé),64.17,0.6666666666666666,0.75,0.3333333333333333,0.6666666666666666,0.26,0.18,0.12,0.44
Developpeur Web,PHP; HTML/CSS; JavaScript; MySQL; Laravel; Git,Aucune information,4,1,Bac,Bac,Anglais (intermédiaire); Français (courant),Français (courant),16.0,0.0,0.25,1.0,0.5,0.7,0.08,0.06,0.16
Developpeur Mobile,Git; Flutter; Dart; Firebase; Java,Kotlin; Git; Firebase; Java; Dart,2,4,Master,Bac,Anglais (intermédiaire); Français (intermédiaire),Français (avancé),73.47,0.8,1.0,0.3333333333333333,0.5,0.71,0.09,0.14,0.06
Developpeur Web,Git; MySQL; JavaScript; PHP,JavaScript; HTML/CSS; MySQL; PHP; Laravel; Git; SEO; Canva,1,6,Bac,Bac,Français (avancé); Anglais (avancé),Français (courant); Anglais (intermédiaire),95.5,1.0,1.0,1.0,0.8333333333333333,0.41,0.08,0.24,0.27
UI/UX Designer,Adobe XD; Prototypage; UX Research; Figma,Figma; UX Research; Photoshop,2,5,Licence,Master,Anglais (courant); Français (intermédiaire),Français (intermédiaire),86.7,0.5,1.0,1.2,0.5,0.23,0.65,0.06,0.06
Data Analyst,Data Visualization; Python; Excel; Power BI; Pandas; SQL,Data Visualization; Python; Pandas; Power BI; Excel; SQL,2,0,Licence,Bac,Anglais (débutant); Français (avancé),Français (intermédiaire),77.33,1.0,0.0,0.5,0.3333333333333333,0.67,0.06,0.08,0.19
Graphiste,Canva; Typographie; Photoshop; Branding; Illustrator,Typographie; Illustrator,2,6,Master,Bac,Français (avancé),Français (avancé),63.73,0.4,1.0,0.3333333333333333,1.0,0.46,0.3,0.13,0.11
Social Media Manager,Facebook; LinkedIn; Instagram; Meta Ads; Analytics,Instagram; Meta Ads; TikTok; Analytics,4,0,Master,Bac,Anglais (débutant); Français (courant),Français (avancé); Anglais (courant),35.67,0.6,0.0,0.3333333333333333,0.875,0.45,0.42,0.05,0.08
Data Analyst,SQL; Excel; Pandas; Python; Data Visualization; Power BI,Excel; Pandas; Python; Power BI; Data Visualization,4,7,Bac,Master,Français (courant),Français (intermédiaire),87.63,0.8333333333333334,1.0,1.2,0.5,0.55,0.12,0.19,0.14
Developpeur Web,JavaScript; HTML/CSS; PHP; Laravel; MySQL,JavaScript; HTML/CSS; Git,2,4,Bac,Licence,Anglais (intermédiaire); Français (courant),Français (avancé),51.55,0.4,1.0,1.2,0.375,0.72,0.13,0.05,0.1
Data Analyst,Python; Pandas; Excel; Data Visualization; SQL; Power BI,Aucune information,2,4,Bac,Master,Français (intermédiaire); Anglais (débutant),Français (courant); Anglais (courant),42.6,0.0,1.0,1.2,1.0,0.59,0.25,0.08,0.08
Graphiste,Illustrator; Typographie; InDesign,Branding; Photoshop; Canva; Dart; Analytics,2,6,Licence,Licence,Français (intermédiaire),Français (avancé),20.0,0.0,1.0,1.0,1.0,0.8,0.05,0.1,0.05
Chef de projet digital,Communication; Scrum; Asana; ClickUp,Communication; Gestion de projet; Asana; ClickUp; Agile,2,8,Master,Bac,Anglais (débutant),Français (courant),64.42,0.75,1.0,0.3333333333333333,0.0,0.57,0.17,0.14,0.12
Developpeur Web,PHP; MySQL; Git; JavaScript; HTML/CSS,Laravel; Git; MySQL; JavaScript,2,3,Master,Master,Anglais (débutant); Français (intermédiaire),Français (courant); Anglais (avancé),85.2,0.6,1.0,1.0,1.0,0.37,0.42,0.16,0.05
Content Manager,Copywriting; Canva; WordPress; Content Strategy; Analytics; SEO,Content Strategy; Copywriting; Analytics; WordPress; SEO; Canva,4,3,Bac,Master,Français (intermédiaire),Français (intermédiaire); Anglais (débutant),97.55,1.0,0.75,1.2,1.0,0.67,0.17,0.09,0.07
Community Manager,Analytics; Facebook; Copywriting; Canva; Instagram,Canva; Analytics; Facebook; Copywriting; Google Analytics,2,1,Bac,Bac,Anglais (intermédiaire),Français (courant); Anglais (avancé),86.6,0.8,0.5,1.0,1.0,0.52,0.06,0.24,0.18
Content Manager,WordPress; Analytics; Content Strategy; SEO; Canva,Aucune information,3,6,Bac,Bac,Français (courant); Anglais (débutant),Français (avancé),50.88,0.0,1.0,1.0,0.375,0.46,0.21,0.28,0.05
Content Manager,Analytics; Canva; SEO; WordPress; Content Strategy; Copywriting,Canva; Content Strategy; Copywriting,3,0,Licence,Master,Anglais (courant),Français (avancé),24.4,0.5,0.0,1.2,0.0,0.32,0.54,0.07,0.07
SEO/SEA,Search Console; Google Ads; Keyword Research; SEM; SEO; Google Analytics,Keyword Research,4,4,Master,Bac,Anglais (avancé); Français (courant),Français (intermédiaire),87.08,0.16666666666666666,1.0,0.3333333333333333,0.25,0.07,0.83,0.05,0.05
SEO/SEA,SEO; Google Ads; Keyword Research; Search Console; SEM,Search Console; Google Ads; Flutter,2,3,Bac,Master,Anglais (courant),Français (intermédiaire),72.2,0.4,1.0,1.2,0.0,0.4,0.49,0.06,0.05
Graphiste,Typographie; Photoshop; Branding; InDesign,Canva; Python; TikTok,2,1,Bac,Licence,Français (avancé),Français (courant),23.9,0.0,0.5,1.2,1.0,0.69,0.17,0.07,0.07
Content Manager,Canva; WordPress; SEO; Content Strategy; Analytics,WordPress; SEO; Copywriting; Analytics; Photoshop,1,4,Master,Bac,Anglais (débutant); Français (courant),Français (intermédiaire),49.55,0.6,1.0,0.3333333333333333,0.25,0.18,0.22,0.21,0.39
Community Manager,Facebook; Instagram; Canva; Analytics; Copywriting,Analytics; Canva; Instagram,1,0,Licence,Bac,Français (avancé); Anglais (courant),Français (courant),39.9,0.6,0.0,0.5,0.5,0.44,0.29,0.18,0.09
Chef de projet digital,Agile; Scrum; Asana; ClickUp,ClickUp,4,3,Bac,Master,Anglais (courant); Français (courant),Français (intermédiaire); Anglais (courant),47.65,0.25,0.75,1.2,0.75,0.7,0.07,0.17,0.06
Data Analyst,Pandas; Excel; Power BI; Python,Data Visualization; Pandas; Power BI; SQL; Python; Excel,3,0,Bac,Licence,Français (courant); Anglais (avancé),Français (avancé),78.42,1.0,0.0,1.2,0.375,0.65,0.19,0.09,0.07
SEO/SEA,SEO; Google Analytics; Search Console; Google Ads,Search Console,2,5,Bac,Bac,Français (courant),Français (courant); Anglais (courant),37.0,0.25,1.0,1.0,1.0,0.84,0.06,0.05,0.05
Social Media Manager,TikTok; Meta Ads; LinkedIn,Facebook; Meta Ads; Instagram; Analytics; TikTok,1,3,Master,Licence,Anglais (débutant); Français (intermédiaire),Français (intermédiaire),67.83,0.6666666666666666,1.0,0.6666666666666666,0.5,0.71,0.09,0.09,0.11
Content Manager,SEO; Canva; Copywriting; Content Strategy; WordPress,WordPress; Content Strategy; SEO; Copywriting; Canva; Analytics,2,2,Bac,Master,Anglais (débutant),Français (avancé); Anglais (courant),101.0,1.0,1.0,1.2,1.0,0.79,0.1,0.05,0.06
Content Manager,Analytics; WordPress; Copywriting,Aucune information,3,1,Licence,Bac,Français (avancé); Anglais (débutant),Français (intermédiaire),21.83,0.0,0.3333333333333333,0.5,0.3333333333333333,0.42,0.34,0.15,0.09
SEO/SEA,Google Ads; Keyword Research; Search Console; SEO; SEM; Google Analytics,Keyword Research; Search Console; SEM,4,1,Bac,Master,Anglais (courant),Français (courant); Anglais (débutant),40.2,0.5,0.25,1.2,0.25,0.38,0.38,0.06,0.18
Chef de projet digital,Scrum; Asana; Communication; ClickUp,Scrum; Communication; Asana; Agile; Gestion de projet,1,5,Master,Licence,Français (avancé); Anglais (intermédiaire),Français (intermédiaire); Anglais (intermédiaire),81.17,0.75,1.0,0.6666666666666666,0.8333333333333333,0.48,0.23,0.12,0.17
Chef de projet digital,Agile; Communication; Scrum,Asana; Communication; Gestion de projet; Agile; Scrum; ClickUp,3,3,Master,Bac,Anglais (débutant),Français (courant); Anglais (courant),96.67,1.0,1.0,0.3333333333333333,1.0,0.82,0.07,0.05,0.06
UI/UX Designer,UX Research; Adobe XD; Photoshop; Prototypage,Adobe XD; Photoshop; Figma,2,2,Bac,Bac,Anglais (courant),Français (avancé); Anglais (débutant),76.0,0.5,1.0,1.0,0.25,0.36,0.35,0.21,0.08
Chef de projet digital,Asana; ClickUp; Scrum; Communication,Gestion de projet; Communication,2,5,Licence,Bac,Français (avancé),Français (courant); Anglais (avancé),73.75,0.25,1.0,0.5,1.0,0.31,0.56,0.06,0.07
Data Analyst,Excel; Data Visualization; Python; Pandas; SQL; Power BI,Power BI; Excel; Pandas; Python; Data Visualization; SQL,4,1,Master,Master,Français (courant); Anglais (avancé),Français (avancé),73.88,1.0,0.25,1.0,0.375,0.53,0.24,0.1,0.13
Developpeur Mobile,Java; Git; Dart; Flutter; Firebase; Kotlin,Firebase; Dart; Git; Java; Flutter; Kotlin,2,0,Licence,Licence,Français (intermédiaire),Français (avancé),93.0,1.0,0.0,1.0,1.0,0.29,0.07,0.48,0.16
Graphiste,InDesign; Branding; Illustrator; Canva,Canva; Typographie; InDesign; Photoshop; Branding; Illustrator,4,1,Master,Master,Français (courant),Français (intermédiaire),63.75,1.0,0.25,1.0,0.5,0.16,0.21,0.22,0.41
Developpeur Mobile,Firebase; Dart; Git,Flutter; Java; Dart; Git; Photoshop,4,1,Master,Master,Anglais (débutant),Français (courant); Anglais (intermédiaire),67.92,0.6666666666666666,0.25,1.0,1.0,0.85,0.05,0.05,0.05
UI/UX Designer,Photoshop; Prototypage; Illustrator; Adobe XD,Photoshop; Adobe XD; Canva; Google Analytics,1,2,Licence,Master,Anglais (courant); Français (intermédiaire),Français (intermédiaire),61.0,0.5,1.0,1.2,0.5,0.75,0.15,0.05,0.05
Social Media Manager,TikTok; Analytics; Meta Ads; Facebook; LinkedIn; Instagram,Facebook,1,0,Bac,Bac,Anglais (courant); Français (intermédiaire),Français (intermédiaire),23.33,0.16666666666666666,0.0,1.0,0.5,0.77,0.1,0.08,0.05
Graphiste,Photoshop; Illustrator; Branding; InDesign,Photoshop,1,3,Licence,Bac,Français (courant),Français (courant),70.75,0.25,1.0,0.5,1.0,0.35,0.49,0.06,0.1
SEO/SEA,Search Console; SEO; Google Analytics; Google Ads,SEM,3,5,Master,Bac,Anglais (courant); Français (avancé),Français (intermédiaire); Anglais (débutant),24.67,0.0,1.0,0.3333333333333333,0.4583333333333333,0.59,0.12,0.05,0.24
Community Manager,Instagram; Facebook; Analytics; Canva; Copywriting; TikTok,Instagram; Copywriting; Facebook; TikTok; Canva; Analytics,3,1,Bac,Bac,Français (courant),Français (courant); Anglais (intermédiaire),96.67,1.0,0.3333333333333333,1.0,1.0,0.67,0.05,0.22,0.06
Community Manager,Facebook; Canva; Analytics,Canva; Instagram; Analytics; Branding,1,0,Master,Master,Anglais (courant),Français (courant); Anglais (intermédiaire),45.5,0.6666666666666666,0.0,1.0,0.5,0.51,0.31,0.05,0.13
Data Analyst,Data Visualization; Power BI; SQL,Data Visualization; Excel,2,4,Licence,Licence,Anglais (débutant); Français (avancé),Français (intermédiaire); Anglais (avancé),83.17,0.3333333333333333,1.0,1.0,0.8333333333333333,0.24,0.66,0.05,0.05
Content Manager,Copywriting; SEO; WordPress,WordPress; Content Strategy; SEO,4,0,Licence,Master,Français (courant),Français (courant); Anglais (courant),33.8,0.6666666666666666,0.0,1.2,1.0,0.18,0.62,0.09,0.11
Graphiste,Canva; Illustrator; Branding; Photoshop,Branding; Typographie; Illustrator; InDesign,3,1,Bac,Bac,Français (avancé),Français (intermédiaire),53.83,0.5,0.3333333333333333,1.0,0.6666666666666666,0.49,0.27,0.13,0.11
Social Media Manager,Analytics; TikTok; Instagram,TikTok; Instagram; Meta Ads; LinkedIn; Analytics,2,0,Bac,Licence,Anglais (avancé),Français (avancé),86.4,1.0,0.0,1.2,0.0,0.78,0.09,0.07,0.06
Chef de projet digital,Scrum; ClickUp; Asana; Agile,ClickUp; Gestion de projet; Agile; Communication,1,7,Master,Bac,Anglais (courant); Français (courant),Français (avancé); Anglais (débutant),54.17,0.5,1.0,0.3333333333333333,0.5,0.79,0.1,0.05,0.06
Developpeur Mobile,Flutter; Firebase; Dart; Java,Kotlin; Firebase; Dart,4,4,Master,Master,Français (avancé); Anglais (avancé),Français (intermédiaire); Anglais (courant),91.33,0.5,1.0,1.0,0.8333333333333333,0.14,0.61,0.15,0.1
Developpeur Mobile,Firebase; Git; Flutter; Kotlin,Java; Git,2,5,Bac,Licence,Français (intermédiaire),Français (avancé); Anglais (courant),95.7,0.25,1.0,1.2,1.0,0.1,0.58,0.16,0.16
Content Manager,Copywriting; SEO; Analytics; Canva; Content Strategy; WordPress,WordPress,2,2,Master,Bac,Français (intermédiaire); Anglais (courant),Français (avancé),40.17,0.16666666666666666,1.0,0.3333333333333333,0.5,0.63,0.24,0.05,0.08
Content Manager,WordPress; Canva; Analytics; SEO; Content Strategy,SEO; Content Strategy; Analytics; Copywriting; Canva; WordPress,2,3,Master,Licence,Français (avancé),Français (avancé),98.0,1.0,1.0,0.6666666666666666,1.0,0.63,0.18,0.06,0.13
Developpeur Web,PHP; JavaScript; Git; Laravel,Git,1,5,Bac,Bac,Français (avancé); Anglais (débutant),Français (intermédiaire); Anglais (avancé),53.08,0.25,1.0,1.0,0.8333333333333333,0.61,0.2,0.12,0.07
Chef de projet digital,ClickUp; Scrum; Agile; Communication; Asana; Gestion de projet,Agile; MySQL; Copywriting,1,2,Licence,Master,Français (avancé); Anglais (débutant),Français (avancé); Anglais (avancé),64.33,0.16666666666666666,1.0,1.2,1.0,0.44,0.15,0.05,0.36
Chef de projet digital,Scrum; Gestion de projet; Communication; Agile,Asana; Scrum; Agile,3,7,Master,Master,Anglais (intermédiaire),Français (avancé),56.0,0.5,1.0,1.0,0.0,0.18,0.05,0.42,0.35
Data Analyst,SQL; Excel; Data Visualization,Pandas; SQL; Excel; Python; Data Visualization,1,2,Bac,Master,Français (courant); Anglais (courant),Français (courant); Anglais (avancé),101.58,1.0,1.0,1.2,0.875,0.28,0.56,0.11,0.05
Content Manager,Analytics; Copywriting; Content Strategy; Canva,Analytics; Content Strategy; Copywriting; WordPress; SEO,4,6,Bac,Bac,Français (intermédiaire),Français (intermédiaire); Anglais (débutant),84.75,0.75,1.0,1.0,1.0,0.61,0.1,0.13,0.16
UI/UX Designer,Adobe XD; Illustrator; Photoshop; Prototypage; UX Research,Figma; Photoshop; UX Research; Prototypage; Illustrator; Adobe XD; Git,3,3,Licence,Bac,Français (courant); Anglais (débutant),Français (courant); Anglais (débutant),97.0,1.0,1.0,0.5,1.0,0.25,0.62,0.06,0.07
Graphiste,InDesign; Photoshop; Illustrator; Typographie; Branding; Canva,Illustrator; Typographie; Branding,1,4,Licence,Master,Français (avancé),Français (avancé),69.5,0.5,1.0,1.2,1.0,0.67,0.06,0.15,0.12
Social Media Manager,Instagram; Facebook; Analytics; TikTok; LinkedIn,Aucune information,1,3,Bac,Licence,Français (intermédiaire),Français (intermédiaire); Anglais (courant),88.0,0.0,1.0,1.2,1.0,0.18,0.42,0.3,0.1
SEO/SEA,Keyword Research; SEO; Google Analytics; Google Ads; SEM,SEM; SEO; Analytics,3,3,Licence,Bac,Français (intermédiaire); Anglais (courant),Français (avancé); Anglais (débutant),77.18,0.4,1.0,0.5,0.625,0.17,0.51,0.05,0.27
Developpeur Mobile,Flutter; Dart; Kotlin,Git; Firebase; Flutter,4,3,Master,Master,Français (intermédiaire),Français (courant); Anglais (avancé),74.25,0.3333333333333333,0.75,1.0,1.0,0.3,0.23,0.34,0.13
Developpeur Mobile,Git; Flutter; Dart; Firebase; Java,Aucune information,1,3,Licence,Licence,Anglais (intermédiaire),Français (intermédiaire); Anglais (intermédiaire),80.0,0.0,1.0,1.0,1.0,0.2,0.1,0.62,0.08
Graphiste,Photoshop; Typographie; InDesign; Illustrator; Canva,Photoshop,4,0,Licence,Bac,Français (avancé),Français (courant),49.4,0.2,0.0,0.5,1.0,0.12,0.28,0.26,0.34
UI/UX Designer,Prototypage; UX Research; Photoshop; Adobe XD; Illustrator,Figma,4,2,Master,Bac,Anglais (débutant); Français (avancé),Français (intermédiaire),28.5,0.0,0.5,0.3333333333333333,0.3333333333333333,0.17,0.05,0.6,0.18
SEO/SEA,SEM; Google Analytics; Search Console; Google Ads,SEO; Keyword Research; Google Ads; Search Console,4,3,Bac,Bac,Anglais (débutant),Français (intermédiaire); Anglais (intermédiaire),85.5,0.5,0.75,1.0,1.0,0.12,0.34,0.29,0.25
SEO/SEA,SEO; Google Analytics; Keyword Research; SEM; Search Console; Google Ads,Aucune information,1,0,Bac,Bac,Anglais (avancé); Français (courant),Français (intermédiaire),10.5,0.0,0.0,1.0,0.25,0.58,0.24,0.08,0.1
Graphiste,Typographie; Branding; InDesign,Illustrator; Photoshop,1,4,Licence,Master,Français (intermédiaire),Français (courant),18.0,0.0,1.0,1.2,1.0,0.83,0.07,0.05,0.05
Content Manager,Analytics; Content Strategy; Canva; SEO; Copywriting,Content Strategy; Canva; WordPress,2,3,Master,Master,Français (intermédiaire),Français (intermédiaire); Anglais (avancé),58.6,0.4,1.0,1.0,1.0,0.69,0.07,0.12,0.12
SEO/SEA,SEO; Google Ads; Keyword Research; SEM; Google Analytics; Search Console,Google Ads; Google Analytics; SEM; SEO; Keyword Research; Search Console,4,0,Licence,Master,Français (courant); Anglais (débutant),Français (avancé); Anglais (avancé),94.37,1.0,0.0,1.2,0.875,0.84,0.06,0.05,0.05
Community Manager,Canva; Instagram; Facebook; Analytics,Aucune information,4,6,Bac,Bac,Français (courant); Anglais (courant),Français (courant),63.0,0.0,1.0,1.0,0.5,0.29,0.21,0.34,0.16
Community Manager,Copywriting; Facebook; Instagram,Aucune information,3,0,Master,Master,Français (avancé); Anglais (intermédiaire),Français (courant),18.0,0.0,0.0,1.0,0.5,0.57,0.2,0.13,0.1
Content Manager,Analytics; Content Strategy; WordPress; Canva; SEO,WordPress; Canva; Copywriting; Content Strategy; Analytics; SEO,3,2,Licence,Licence,Français (courant),Français (courant),87.33,1.0,0.6666666666666666,1.0,1.0,0.35,0.38,0.1,0.17
Developpeur Web,MySQL; JavaScript; PHP,Laravel; HTML/CSS; Git; MySQL; PHP; JavaScript,4,0,Licence,Master,Anglais (avancé); Français (courant),Français (avancé),71.28,1.0,0.0,1.2,0.375,0.55,0.28,0.12,0.05
Chef de projet digital,Scrum; Gestion de projet; ClickUp; Asana; Agile,Agile; Gestion de projet,4,1,Master,Licence,Anglais (intermédiaire); Français (avancé),Français (avancé),40.93,0.4,0.25,0.6666666666666666,0.5,0.84,0.06,0.05,0.05
Content Manager,WordPress; Copywriting; Canva; Analytics; SEO; Content Strategy,Canva; Copywriting; WordPress; SEO; Content Strategy; MySQL; Google Analytics,2,3,Licence,Master,Français (courant); Anglais (débutant),Français (courant); Anglais (avancé),103.47,0.8333333333333334,1.0,1.2,1.0,0.2,0.35,0.34,0.11
SEO/SEA,Search Console; Google Analytics; SEM; SEO,SEO; Google Ads; Google Analytics,3,1,Licence,Licence,Français (intermédiaire); Anglais (intermédiaire),Français (intermédiaire); Anglais (courant),79.67,0.5,0.3333333333333333,1.0,1.0,0.3,0.08,0.46,0.16
SEO/SEA,Keyword Research; Search Console; Google Ads; SEO; Google Analytics,Google Ads; Google Analytics; SEM,3,6,Master,Master,Français (intermédiaire); Anglais (débutant),Français (avancé); Anglais (débutant),68.8,0.4,1.0,1.0,1.0,0.52,0.26,0.1,0.12
SEO/SEA,Keyword Research; SEO; Search Console,Search Console; Google Ads; Google Analytics; SEM,3,4,Bac,Master,Français (intermédiaire),Français (avancé),85.2,0.3333333333333333,1.0,1.2,1.0,0.3,0.27,0.26,0.17
SEO/SEA,Google Ads; Search Console; SEM,Aucune information,4,2,Bac,Master,Français (courant); Anglais (avancé),Français (intermédiaire); Anglais (intermédiaire),23.75,0.0,0.5,1.2,0.5833333333333333,0.63,0.11,0.05,0.21
Developpeur Web,MySQL; HTML/CSS; JavaScript; Laravel,MySQL; PHP; Laravel,2,2,Licence,Bac,Français (intermédiaire),Français (avancé),63.0,0.5,1.0,0.5,1.0,0.37,0.16,0.37,0.1
Developpeur Mobile,Kotlin; Git; Flutter; Firebase; Java; Dart,Java; Dart; Flutter,1,3,Master,Licence,Anglais (courant),Français (courant); Anglais (courant),95.0,0.5,1.0,0.6666666666666666,1.0,0.06,0.49,0.06,0.39
Graphiste,Branding; Illustrator; Canva; InDesign; Typographie,Branding; Canva; Typographie; Illustrator; InDesign,3,5,Master,Bac,Français (courant),Français (avancé),92.83,1.0,1.0,0.3333333333333333,0.75,0.78,0.05,0.07,0.1
Content Manager,Copywriting; WordPress; Content Strategy; Canva; Analytics,Canva; WordPress; Copywriting; Content Strategy; Analytics,2,3,Bac,Master,Anglais (avancé); Français (avancé),Français (courant),98.5,1.0,1.0,1.2,0.5,0.57,0.33,0.05,0.05
Content Manager,SEO; Canva; Copywriting; WordPress; Analytics; Content Strategy,WordPress; Canva; Content Strategy; Analytics; Search Console; SEO,1,2,Master,Bac,Anglais (avancé); Français (avancé),Français (avancé); Anglais (courant),78.17,0.8333333333333334,1.0,0.3333333333333333,1.0,0.23,0.24,0.27,0.26
UI/UX Designer,Photoshop; Illustrator; Prototypage,Figma; Photoshop; Illustrator,3,0,Master,Licence,Anglais (courant); Français (courant),Français (avancé); Anglais (débutant),47.67,0.6666666666666666,0.0,0.6666666666666666,0.5,0.57,0.27,0.1,0.06
Chef de projet digital,Gestion de projet; Agile; ClickUp; Scrum; Asana,Scrum,2,5,Bac,Licence,Anglais (débutant),Français (avancé),82.2,0.2,1.0,1.2,0.0,0.17,0.68,0.09,0.06
UI/UX Designer,Illustrator; Photoshop; Prototypage; Figma,LinkedIn; Java,1,6,Licence,Bac,Anglais (courant); Français (avancé),Français (intermédiaire); Anglais (avancé),20.04,0.0,1.0,0.5,0.7083333333333333,0.76,0.14,0.05,0.05
UI/UX Designer,Illustrator; UX Research; Prototypage; Adobe XD; Photoshop; Figma,Aucune information,3,2,Master,Master,Anglais (avancé),Français (intermédiaire),10.0,0.0,0.6666666666666666,1.0,0.0,0.79,0.06,0.06,0.09
Data Analyst,Pandas; Data Visualization; Power BI; Python; Excel,Power BI; Pandas; SQL; Python; Excel; Branding; Copywriting,1,0,Bac,Licence,Anglais (courant); Français (courant),Français (courant); Anglais (intermédiaire),67.65,0.8,0.0,1.2,0.75,0.54,0.23,0.16,0.07
Community Manager,Analytics; Canva; Facebook; Copywriting,TikTok; Instagram; Canva; Copywriting; Excel,1,4,Bac,Master,Français (avancé),Français (avancé); Anglais (intermédiaire),93.7,0.5,1.0,1.2,1.0,0.33,0.11,0.51,0.05
Chef de projet digital,Communication; Scrum; Asana; Gestion de projet; Agile,Asana; Communication; Gestion de projet; Scrum; Canva; Prototypage,3,4,Bac,Master,Français (intermédiaire),Français (courant); Anglais (débutant),98.0,0.8,1.0,1.2,1.0,0.31,0.14,0.21,0.34
UI/UX Designer,Figma; UX Research; Adobe XD; Prototypage,Prototypage; Figma; Illustrator; Adobe XD; Photoshop,2,1,Master,Master,Anglais (avancé); Français (courant),Français (courant); Anglais (courant),73.25,0.75,0.5,1.0,1.0,0.71,0.18,0.06,0.05
UI/UX Designer,Adobe XD; Prototypage; Illustrator,Prototypage; Figma; UX Research; Photoshop; Adobe XD,2,6,Bac,Bac,Anglais (débutant); Français (avancé),Français (courant); Anglais (courant),94.67,0.6666666666666666,1.0,1.0,1.0,0.16,0.6,0.08,0.16
SEO/SEA,Google Analytics; Keyword Research; Google Ads; SEM,Copywriting; Gestion de projet,2,5,Licence,Bac,Anglais (courant),Français (avancé); Anglais (courant),60.0,0.0,1.0,0.5,1.0,0.14,0.19,0.52,0.15
Chef de projet digital,Gestion de projet; Agile; ClickUp; Scrum; Communication,ClickUp; Agile,3,3,Licence,Master,Anglais (débutant); Français (courant),Français (avancé),66.42,0.4,1.0,1.2,0.375,0.51,0.35,0.07,0.07
Content Manager,Canva; Content Strategy; WordPress; Analytics,Canva; Content Strategy; Copywriting; Analytics,3,6,Bac,Master,Français (courant),Français (intermédiaire); Anglais (courant),80.85,0.75,1.0,1.2,0.5,0.43,0.29,0.08,0.2
Data Analyst,Data Visualization; Pandas; Python; SQL,Aucune information,3,7,Licence,Master,Anglais (avancé),Français (intermédiaire); Anglais (courant),49.8,0.0,1.0,1.2,1.0,0.52,0.21,0.09,0.18
Developpeur Web,HTML/CSS; JavaScript; Git,JavaScript; Laravel; Git; PHP; MySQL; HTML/CSS,3,0,Bac,Bac,Français (avancé); Anglais (intermédiaire),Français (avancé),88.0,1.0,0.0,1.0,0.5,0.79,0.08,0.05,0.08
Developpeur Web,Laravel; JavaScript; HTML/CSS; PHP; MySQL; Git,PHP; HTML/CSS; Laravel; JavaScript; MySQL; Git; SEM; Facebook,2,3,Bac,Licence,Français (intermédiaire),Français (avancé); Anglais (débutant),102.6,1.0,1.0,1.2,1.0,0.29,0.15,0.13,0.43
Developpeur Web,HTML/CSS; Git; PHP; JavaScript; MySQL; Laravel,Aucune information,2,1,Licence,Master,Français (intermédiaire); Anglais (débutant),Français (avancé); Anglais (débutant),30.9,0.0,0.5,1.2,1.0,0.6,0.23,0.12,0.05
Graphiste,Branding; Typographie; Photoshop,InDesign,4,6,Licence,Master,Français (courant),Français (avancé),43.0,0.0,1.0,1.2,0.75,0.57,0.07,0.2,0.16
Developpeur Mobile,Flutter; Dart; Kotlin,Firebase; Kotlin,4,4,Licence,Licence,Français (intermédiaire),Français (avancé); Anglais (courant),78.0,0.3333333333333333,1.0,1.0,1.0,0.33,0.12,0.41,0.14
Developpeur Web,Git; HTML/CSS; JavaScript,Aucune information,4,3,Licence,Licence,Français (avancé),Français (courant); Anglais (avancé),77.5,0.0,0.75,1.0,1.0,0.19,0.14,0.26,0.41
Developpeur Mobile,Firebase; Flutter; Git; Kotlin,Aucune information,3,0,Bac,Licence,Anglais (intermédiaire); Français (avancé),Français (avancé),49.5,0.0,0.0,1.2,0.5,0.41,0.09,0.35,0.15
SEO/SEA,Google Analytics; Keyword Research; Google Ads; SEM,Google Ads; Keyword Research; SEM; Google Analytics,4,5,Bac,Master,Anglais (intermédiaire); Français (avancé),Français (intermédiaire); Anglais (débutant),102.92,1.0,1.0,1.2,0.5833333333333333,0.42,0.28,0.25,0.05
Chef de projet digital,Asana; Agile; Communication,ClickUp; Communication; Agile; Asana,4,2,Bac,Bac,Anglais (avancé); Français (avancé),Français (intermédiaire),75.33,1.0,0.5,1.0,0.3333333333333333,0.33,0.16,0.26,0.25
Social Media Manager,Analytics; Meta Ads; Instagram; LinkedIn; Facebook; TikTok,Facebook,1,2,Master,Licence,Anglais (débutant),Français (intermédiaire); Anglais (avancé),27.5,0.16666666666666666,1.0,0.6666666666666666,1.0,0.85,0.05,0.05,0.05
Chef de projet digital,Asana; Agile; Scrum; ClickUp; Communication; Gestion de projet,Agile; Gestion de projet,2,6,Bac,Bac,Français (courant),Français (intermédiaire); Anglais (avancé),90.17,0.3333333333333333,1.0,1.0,0.5,0.11,0.71,0.13,0.05
UI/UX Designer,Photoshop; Prototypage; Figma; Adobe XD; Illustrator; UX Research,Prototypage; Photoshop; UX Research; Adobe XD; Illustrator; Figma,3,6,Licence,Master,Français (avancé),Français (courant); Anglais (courant),103.4,1.0,1.0,1.2,1.0,0.59,0.18,0.17,0.06
UI/UX Designer,Illustrator; Figma; Prototypage; Photoshop; UX Research,Photoshop; Figma; Illustrator,1,2,Master,Licence,Français (intermédiaire); Anglais (courant),Français (intermédiaire),64.33,0.6,1.0,0.6666666666666666,0.5,0.2,0.08,0.5,0.22
Data Analyst,Data Visualization; Excel; Python; Power BI; Pandas,Excel; Power BI; SQL; Python; Data Visualization,4,1,Master,Licence,Français (intermédiaire),Français (avancé),77.65,0.8,0.25,0.6666666666666666,1.0,0.33,0.09,0.27,0.31
Social Media Manager,LinkedIn; Facebook; Meta Ads,Aucune information,3,0,Master,Master,Français (avancé),Français (avancé); Anglais (intermédiaire),38.0,0.0,0.0,1.0,1.0,0.28,0.34,0.31,0.07
Developpeur Mobile,Firebase; Dart; Git,Git; Photoshop,1,0,Master,Bac,Anglais (avancé),Français (courant); Anglais (intermédiaire),22.0,0.3333333333333333,0.0,0.3333333333333333,0.6666666666666666,0.44,0.41,0.08,0.07
Social Media Manager,Facebook; LinkedIn; TikTok,Analytics; SEM,1,3,Master,Master,Anglais (débutant); Français (intermédiaire),Français (intermédiaire); Anglais (courant),26.0,0.0,1.0,1.0,1.0,0.74,0.09,0.05,0.12
SEO/SEA,Google Ads; Keyword Research; Google Analytics; Search Console; SEM,Google Ads; Google Analytics; SEO; JavaScript,1,0,Licence,Licence,Français (intermédiaire),Français (avancé); Anglais (intermédiaire),47.6,0.4,0.0,1.0,1.0,0.34,0.32,0.23,0.11
Data Analyst,SQL; Data Visualization; Python; Pandas; Excel; Power BI,SQL; Power BI; Python; Data Visualization; Excel; Pandas; Copywriting,3,3,Licence,Master,Français (courant); Anglais (débutant),Français (intermédiaire); Anglais (intermédiaire),94.8,1.0,1.0,1.2,0.75,0.33,0.21,0.14,0.32
Community Manager,Copywriting; TikTok; Instagram; Canva,Facebook; TikTok; Copywriting; Analytics,2,3,Licence,Licence,Anglais (courant); Français (courant),Français (courant),86.0,0.5,1.0,1.0,0.5,0.2,0.66,0.06,0.08
Chef de projet digital,Asana; Agile; Communication; Scrum; Gestion de projet,Agile; Gestion de projet; Asana; Scrum; Keyword Research,2,4,Master,Master,Français (intermédiaire),Français (courant); Anglais (courant),96.8,0.8,1.0,1.0,1.0,0.16,0.72,0.07,0.05
Graphiste,Photoshop; Typographie; Canva,InDesign; Canva,4,0,Bac,Master,Français (avancé),Français (intermédiaire),36.87,0.3333333333333333,0.0,1.2,0.6666666666666666,0.79,0.1,0.06,0.05
Developpeur Web,HTML/CSS; JavaScript; MySQL; PHP; Laravel; Git,Aucune information,1,1,Master,Licence,Français (avancé),Français (courant),66.0,0.0,1.0,0.6666666666666666,1.0,0.3,0.3,0.12,0.28
Developpeur Web,Laravel; Git; PHP,HTML/CSS,1,2,Licence,Master,Anglais (courant),Français (intermédiaire),22.0,0.0,1.0,1.2,0.0,0.75,0.1,0.1,0.05
Chef de projet digital,Agile; ClickUp; Asana; Communication; Scrum,Gestion de projet; Communication; Agile,1,5,Licence,Master,Français (courant),Français (courant); Anglais (courant),84.0,0.4,1.0,1.2,1.0,0.35,0.05,0.25,0.35
Developpeur Mobile,Flutter; Git; Firebase,Java; Flutter; Kotlin; Dart; Firebase,2,1,Licence,Licence,Français (avancé),Français (avancé); Anglais (avancé),72.17,0.6666666666666666,0.5,1.0,1.0,0.73,0.07,0.11,0.09
Community Manager,Facebook; Copywriting; TikTok,Instagram; TikTok,1,2,Bac,Bac,Français (courant); Anglais (avancé),Français (intermédiaire); Anglais (courant),50.0,0.3333333333333333,1.0,1.0,0.75,0.72,0.1,0.1,0.08
Developpeur Web,Git; HTML/CSS; PHP,Git; HTML/CSS; JavaScript; Laravel; Canva; SEO,1,4,Licence,Licence,Français (intermédiaire); Anglais (avancé),Français (intermédiaire),71.5,0.6666666666666666,1.0,1.0,0.5,0.72,0.12,0.07,0.09
Graphiste,Branding; InDesign; Typographie; Canva,Canva; Typographie; Branding,3,6,Bac,Bac,Français (intermédiaire),Français (courant),95.0,0.75,1.0,1.0,1.0,0.2,0.43,0.15,0.22
Developpeur Web,Laravel; MySQL; PHP; Git,Git,4,3,Bac,Master,Anglais (avancé); Français (courant),Français (avancé); Anglais (avancé),41.78,0.25,0.75,1.2,0.875,0.74,0.14,0.07,0.05
UI/UX Designer,Adobe XD; UX Research; Photoshop; Prototypage,Figma; Illustrator; UX Research; Adobe XD; WordPress; Keyword Research,1,4,Bac,Licence,Français (courant),Français (avancé); Anglais (débutant),81.25,0.5,1.0,1.2,0.75,0.33,0.31,0.15,0.21
UI/UX Designer,Figma; Illustrator; Prototypage,UX Research; Photoshop,4,3,Bac,Licence,Français (courant),Français (intermédiaire),15.25,0.0,0.75,1.2,0.5,0.81,0.09,0.05,0.05
Data Analyst,Excel; Pandas; SQL; Python; Data Visualization; Power BI,SQL; Power BI; Data Visualization; Python; Excel; Pandas,3,2,Bac,Bac,Français (courant); Anglais (intermédiaire),Français (intermédiaire); Anglais (débutant),85.5,1.0,0.6666666666666666,1.0,0.5,0.55,0.3,0.06,0.09
Developpeur Web,PHP; Git; HTML/CSS; JavaScript,Laravel,3,1,Bac,Bac,Français (courant),Français (intermédiaire); Anglais (avancé),64.67,0.0,0.3333333333333333,1.0,0.5,0.23,0.14,0.57,0.06
UI/UX Designer,Photoshop; Prototypage; Figma,Figma; Illustrator; UX Research; Prototypage,4,1,Master,Master,Anglais (intermédiaire),Français (courant); Anglais (avancé),71.83,0.6666666666666666,0.25,1.0,1.0,0.71,0.06,0.12,0.11
Developpeur Mobile,Java; Git; Kotlin; Flutter; Firebase,Firebase; Dart; Git; Kotlin; Flutter; Java,4,3,Master,Master,Français (avancé),Français (courant),93.25,1.0,0.75,1.0,1.0,0.52,0.27,0.07,0.14
Content Manager,SEO; Content Strategy; Copywriting; Analytics; Canva; WordPress,Canva; SEO; WordPress; Analytics; Copywriting,1,4,Master,Licence,Français (intermédiaire),Français (avancé); Anglais (débutant),84.83,0.8333333333333334,1.0,0.6666666666666666,1.0,0.63,0.14,0.14,0.09
UI/UX Designer,Photoshop; Figma; UX Research,Prototypage; Figma; UX Research; Adobe XD; Photoshop,3,5,Licence,Bac,Français (avancé); Anglais (courant),Français (intermédiaire),88.67,1.0,1.0,0.5,0.3333333333333333,0.6,0.2,0.12,0.08
Developpeur Web,PHP; Laravel; HTML/CSS; JavaScript,Git; HTML/CSS; MySQL; PHP; JavaScript; Photoshop; Firebase,2,6,Bac,Bac,Français (avancé),Français (courant); Anglais (avancé),94.5,0.75,1.0,1.0,1.0,0.22,0.32,0.35,0.11
Developpeur Web,MySQL; Git; Laravel; PHP; HTML/CSS; JavaScript,JavaScript; PHP; Laravel,2,5,Licence,Bac,Anglais (courant); Français (avancé),Français (avancé),73.0,0.5,1.0,0.5,0.5,0.28,0.46,0.07,0.19
SEO/SEA,SEM; Google Analytics; Search Console,SEO; Google Analytics; Google Ads; Keyword Research; SEM; Search Console,1,3,Bac,Bac,Français (intermédiaire),Français (intermédiaire); Anglais (courant),100.0,1.0,1.0,1.0,1.0,0.35,0.32,0.18,0.15
Graphiste,Canva; Typographie; Photoshop,Canva; Typographie; Branding; Photoshop; Illustrator; InDesign,1,1,Licence,Bac,Français (intermédiaire),Français (courant),97.5,1.0,1.0,0.5,1.0,0.71,0.16,0.05,0.08
SEO/SEA,Google Analytics; SEO; Search Console; SEM; Google Ads,SEM; Google Ads; Google Analytics,3,1,Licence,Master,Anglais (débutant),Français (courant); Anglais (courant),70.8,0.6,0.3333333333333333,1.2,1.0,0.67,0.06,0.08,0.19
Developpeur Web,HTML/CSS; JavaScript; Git; PHP; Laravel,Git,2,0,Bac,Bac,Anglais (courant),Français (avancé); Anglais (avancé),28.45,0.2,0.0,1.0,0.75,0.61,0.21,0.11,0.07
Graphiste,Typographie; Illustrator; InDesign; Canva; Branding; Photoshop,Typographie; Branding; Photoshop; InDesign,2,3,Bac,Bac,Français (avancé),Français (avancé),97.67,0.6666666666666666,1.0,1.0,1.0,0.07,0.71,0.16,0.06
Community Manager,Analytics; Copywriting; Canva,Instagram; Analytics; TikTok; Copywriting; Facebook; Canva,3,2,Bac,Master,Anglais (intermédiaire),Français (courant); Anglais (avancé),98.87,1.0,0.6666666666666666,1.2,1.0,0.8,0.07,0.06,0.07
Graphiste,Typographie; Illustrator; Photoshop,Photoshop; InDesign; Branding,1,3,Master,Master,Français (intermédiaire),Français (avancé),45.33,0.3333333333333333,1.0,1.0,1.0,0.82,0.05,0.07,0.06
Content Manager,Canva; Copywriting; Analytics; SEO; Content Strategy,Content Strategy; Canva,3,2,Bac,Licence,Français (intermédiaire); Anglais (courant),Français (intermédiaire); Anglais (avancé),62.86,0.4,0.6666666666666666,1.2,0.875,0.48,0.26,0.11,0.15
Data Analyst,Python; Power BI; SQL; Pandas; Data Visualization; Excel,Data Visualization; Python; Excel; Power BI,2,4,Licence,Master,Anglais (avancé); Français (avancé),Français (avancé); Anglais (courant),82.07,0.6666666666666666,1.0,1.2,1.0,0.58,0.28,0.07,0.07
SEO/SEA,Google Analytics; Search Console; SEM; Google Ads,Google Ads; SEO; SEM; Search Console; Keyword Research; Google Analytics,3,5,Licence,Master,Français (intermédiaire),Français (courant),105.4,1.0,1.0,1.2,1.0,0.18,0.28,0.27,0.27
SEO/SEA,Google Analytics; SEO; Search Console,SEO; Google Analytics; Keyword Research; Google Ads; Search Console; SEM,2,3,Bac,Bac,Anglais (courant),Français (avancé),71.0,1.0,1.0,1.0,0.0,0.31,0.12,0.28,0.29
Developpeur Mobile,Flutter; Java; Kotlin,Search Console; Meta Ads,4,0,Master,Master,Français (avancé); Anglais (courant),Français (courant); Anglais (débutant),34.12,0.0,0.0,1.0,0.625,0.2,0.44,0.31,0.05
